query;position;title;domain;url;snippet
гигиена постоянный уход за телом полостью рта создание нормальных условий для сна;1;ФБУЗ «Центр гигиенического образования населения»...;cgon.rospotrebnadzor.ru;https://cgon.rospotrebnadzor.ru/naseleniyu/zdorovyy-obraz-zhizni/lichnaya-gigiena/;Гигиеническое содержание тела (кожи, волос, полости рта , органов слуха, зрения Гигиена индивидуального питания Помимо основных средств ухода за полостью рта , существуют...
гигиена постоянный уход за телом полостью рта создание нормальных условий для сна;2;Личная гигиена и здоровье | Новости;med-prof.ru;https://med-prof.ru/o-tsentre/novosti/lichnaja-gigiena-i-zdorov-e/;Гигиена полости рта . Очищать зубы следует два раза на день – с утра и непосредственно перед сном , не применяя при этом щетку другого человека. Совершив прием пищи, обязательно нужно ополоснуть рот обычной...
гигиена постоянный уход за телом полостью рта создание нормальных условий для сна;3;Личная гигиена – основа здорового образа жизни;tuapseregion.ru;https://tuapseregion.ru/region/rospotrebnadzor-informiruet/52104/;Основными средствами гигиены полости рта является зубная щетка и паста. ... Гигиена сна и спального места. Необходимо соблюдать режим сна , высыпаться. У каждого члена семьи должна быть своя постель.
гигиена постоянный уход за телом полостью рта создание нормальных условий для сна;4;Личная гигиена;shkola6lyantor-r86.gosweb.gosuslugi.ru;https://shkola6lyantor-r86.gosweb.gosuslugi.ru/roditelyam-i-uchenikam/stranitsa-meditsinskogo-rabotnika/zdorovyy-obraz-zhizni/lichnaya-gigiena/;"Уход за полостью рта помогает сохранить зубы, предупредить многие заболевания внутренних органов. Чистят зубы ежедневно утром, полощут рот после еды; при появлении неприятного запаха изо рта необходимо обратиться за..."
гигиена постоянный уход за телом полостью рта создание нормальных условий для сна;5;Личная гигиена и повседневные дела - Информационный...;als-info.ru;https://als-info.ru/library/lichnaya-gigiena-i-povsednevnye-dela/;Уход за полостью рта . Внешний вид. ... Стул с наклоняющейся вперед спинкой поможет создать необходимое положение тела , обеспечит удобный доступ к воде и сэкономит энергию.
гигиена постоянный уход за телом полостью рта создание нормальных условий для сна;6;Личная гигиена как фактор ЗОЖ;krichev-crb.by;https://krichev-crb.by/lichnaya-gigiena-kak-faktor-zozh/;При недостаточном уходе за полостью рта могут развиваться болезни зубов, например, кариес. ... Соблюдение правил личной гигиены — одно из непременных условий , которыми характеризуется поведение культурного человека.
гигиена постоянный уход за телом полостью рта создание нормальных условий для сна;7;Гигиена – важный раздел медицины | MedAboutMe;MedAboutMe.ru;https://MedAboutMe.ru/articles/gigiena_navyki_i_znaniya_dlya_sokhraneniya_zdorovya/;Гигиена рта – это уход за ротовой полостью , который обязательно включает удаление налета с зубов, с целью профилактики различных заболеваний. Многие из них вызываются именно налетом.
гигиена постоянный уход за телом полостью рта создание нормальных условий для сна;8;Основные правила личной гигиены и здоровья, которые...;dgp132.mos.ru;https://dgp132.mos.ru/novosti-polikliniki/osnovnye-pravila-lichnoy-gigieny-i-zdorovya-kotorye-vazhno-privit-rebenku/;Соблюдение правил личной гигиены включает в себя уход за : кожей, полостью рта , волосами, ногтями, ногами, а также поддержание в чистоте предметов ухода за собой.
гигиена постоянный уход за телом полостью рта создание нормальных условий для сна;9;Гигиена и личная безопасность ухаживающего...;arzamascso.ru;https://arzamascso.ru/carearticles/2;Гигиена и личная безопасность ухаживающего и гражданина, нуждающегося в постороннем уходе . ... У тяжелобольных людей возрастает риск возникновения инфекций полости рта , поэтому требуется постоянный уход .
гигиена постоянный уход за телом полостью рта создание нормальных условий для сна;10;Правила личной гигиены для детей: памятка для разных...;apteka.ru;https://apteka.ru/blog/articles/zdorovyy-rebenok/pravila-lichnoy-gigieni-dlya-detey-pamyatka-dlya-raznikh-vozrastov/;Пять правил личной гигиены . Личная гигиена подразумевает уход за своим телом и содержание его в чистоте. ... Гигиена волос — расчёсывание, мытьё головы. Гигиена полости рта — чистка зубов и полоскание ротовой полости .
гигиена постоянный уход за телом полостью рта создание нормальных условий для сна;11;Личная гигиена — Википедия;ru.wikipedia.org;https://ru.wikipedia.org/wiki/%D0%9B%D0%B8%D1%87%D0%BD%D0%B0%D1%8F_%D0%B3%D0%B8%D0%B3%D0%B8%D0%B5%D0%BD%D0%B0;Гигиенический уход за телом нужно производить ежедневно. ... Гигиенический уход за полостью рта производят не менее 2 раз в день после приёма пищи (в идеале после каждого приёма пищи, хотя бы ополоснуть полость рта ).
гигиена постоянный уход за телом полостью рта создание нормальных условий для сна;12;Главные правила личной гигиены;fbuz08.ru;https://fbuz08.ru/content/918/73903/;Разделы личной гигиены : - Гигиена тела (кожи, волос, полости рта , органов слуха, зрения, половых органов, умственного труда) ... 7.Перед сном одежду необходимо менять на ночную сорочку или пижаму. Гигиена жилища.
гигиена постоянный уход за телом полостью рта создание нормальных условий для сна;13;Основные правила личной гигиены и здоровья человека...;40gkp.by;https://40gkp.by/%D0%BF%D0%BE%D0%BB%D0%B5%D0%B7%D0%BD%D0%B0%D1%8F-%D0%B8%D0%BD%D1%84%D0%BE%D1%80%D0%BC%D0%B0%D1%86%D0%B8%D1%8F/%D0%B7%D0%B4%D0%BE%D1%80%D0%BE%D0%B2%D1%8B%D0%B9-%D0%BE%D0%B1%D1%80%D0%B0%D0%B7-%D0%B6%D0%B8%D0%B7%D0%BD%D0%B8/%D0%BF%D1%83%D1%82%D1%8C-%D0%BA-%D0%B7%D0%B4%D0%BE%D1%80%D0%BE%D0%B2%D1%8C%D1%8E/document-5453.html;Соблюдение правил личной гигиены включает в себя: гигиену кожи, полости рта , волос, ногтей, ног, предметы ухода за собой.
гигиена постоянный уход за телом полостью рта создание нормальных условий для сна;14;Секреты личной гигиены - Ольшанская средняя школа №1;ol1.roo-stolin.gov.by;https://ol1.roo-stolin.gov.by/%D1%83%D1%87%D0%B0%D1%89%D0%B8%D0%BC%D1%81%D1%8F/%D1%88%D0%BA%D0%BE%D0%BB%D0%B0-%D1%82%D0%B5%D1%80%D1%80%D0%B8%D1%82%D0%BE%D1%80%D0%B8%D1%8F-%D0%B7%D0%B4%D0%BE%D1%80%D0%BE%D0%B2%D1%8C%D1%8F/%D1%81%D0%B5%D0%BA%D1%80%D0%B5%D1%82%D1%8B-%D0%BB%D0%B8%D1%87%D0%BD%D0%BE%D0%B9-%D0%B3%D0%B8%D0%B3%D0%B8%D0%B5%D0%BD%D1%8B;Секреты личной гигиены . Профессиональная гигиена полости рта для детей. ... 4. Уход за кожей рук. Руки мойте как можно чаще. Я всегда вспоминаю врачей, постоянно моют руки, потому что знают, где находятся много микробов.
гигиена постоянный уход за телом полостью рта создание нормальных условий для сна;15;ТЕМА 11;kcson.admiral.gov.spb.ru;https://kcson.admiral.gov.spb.ru/media/6/content/26342/documents/11._%D0%93%D0%B8%D0%B3%D0%B8%D0%B5%D0%BD%D0%B0.pdf;Уход за полостью рта следует проводить 2 раза в день (утро/вечер), а после каждого приема пищи необходимо осуществлять гигиену . полости рта пациента.
гигиена постоянный уход за телом полостью рта создание нормальных условий для сна;16;"БУЗ ВО ""Бутурлиновская РБ"" | Новости";butcrb.zdrav36.ru;https://butcrb.zdrav36.ru/novosti/2021-06-15-lichnaya-gigiena;Температура воды должна быть немного выше нормальной температуры тела (37-38 градусов). К коже лица следует относиться крайне бережно. ... Основными средствами гигиены полости рта является зубная щетка и паста.
гигиена постоянный уход за телом полостью рта создание нормальных условий для сна;17;Гигиена сна;omr.by;https://omr.by/news/stati/gigiena-sna;Создавайте условия для хорошего сна . Например, тёплая ванна, десять минут чтения любимой книги, лёгкая музыка помогут расслабиться. Используйте успокаивающие ароматы, проветривайте помещение за 20-30 минут до...
гигиена постоянный уход за телом полостью рта создание нормальных условий для сна;18;Тема: «Личная гигиена людей в пожилом возрасте»;xn--49-emcly.xn--p1ai;https://xn--49-emcly.xn--p1ai/images/2021/docs/lec/lec4.pdf;Неукоснительно выполняйте простые правила ухода за полостью рта . Чистите зубы 2 раза в день: утром до завтрака и вечером перед сном не менее 3 мин, перемещая щетку в горизонтальном и вертикальном направлениях.
гигиена постоянный уход за телом полостью рта создание нормальных условий для сна;19;Чек-лист по гигиене полости рта – статьи Доктор Слон;doctorslon.ru;https://doctorslon.ru/company/articles/chek-list-po-gigiene-polosti-rta/;Чек-лист гигиены полости рта : 5 главных пунктов. Чистим зубы щеткой и пастой, очищаем межзубные промежутки, укрепляем эмаль и десны. Контролируем качество чистки. В конце рассказываем о дополнительных средствах гигиены .
гигиена постоянный уход за телом полостью рта создание нормальных условий для сна;20;гигиена – постоянный уход за телом, полостью рта...;www.euroki.org;https://www.euroki.org/koza/------gigiena-%E2%80%93-postoyannyy-uhod-za-telom-polostyu-rta-sozdanie-normalnyh-usloviy-dlya-sna%0Dvvedite-sv;Гигиена сна подразумевает создание комфортных условий для засыпания и поддержания здорового сна . ... Ответ: Гигиена сна – постоянный уход за телом , полостью рта , создание нормальных условий для сна .
как правильно ухаживать за зубами и полостью рта в домашних условиях;1;Чек-лист по гигиене полости рта – статьи Доктор Слон;doctorslon.ru;https://doctorslon.ru/company/articles/chek-list-po-gigiene-polosti-rta/;Чек-лист гигиены полости рта : 5 главных пунктов. Чистим зубы щеткой и пастой, очищаем межзубные промежутки, укрепляем эмаль и десны. Контролируем качество чистки. В конце рассказываем о дополнительных средствах гигиены.
как правильно ухаживать за зубами и полостью рта в домашних условиях;2;Как ухаживать за зубами - правила ухода за зубами;kano.by;https://kano.by/blog/interesnoe/pravila-uhoda-za-zubami/;Правила ухода за зубами . 1. Чистите зубы правильно . Чистить зубы нужно не меньше 2-х раз в день, утром и вечером перед сном. Чистить зубы можно как до приема пищи, так и после.
как правильно ухаживать за зубами и полостью рта в домашних условиях;3;Гигиена полости рта. Как ухаживать за зубами...;odistom.ru;https://odistom.ru/public/gigiena-polosti-rta/;Как ухаживать за зубами в домашних условиях . Поддержите долговечность зубов с рекомендациями клиники «Оди». ... Рассказываем, насколько важно для каждого человека ухаживать за полостью рта и как правильно это делать.
как правильно ухаживать за зубами и полостью рта в домашних условиях;4;Правила ухода за полостью рта: базовые этапы, методы...;aptechestvo.ru;https://aptechestvo.ru/interes/articles/pravila_ukhoda_za_polostyu_rta_bazovye_etapy_metody_rekomendatsii_stomatologov/;Особенности ухода за полостью рта и зубами в разных ситуациях. Уход за полости рта малыша имеет свои особенности. ... Как правильно ухаживать за полостью рта после операций?
как правильно ухаживать за зубами и полостью рта в домашних условиях;5;Уход за полостью рта – рекомендации стоматологов;Samson-Denta.ru;https://Samson-Denta.ru/blog/uhod-za-polostyu-rta/;Уход за полостью рта . Узнайте, как ухаживать за зубами сейчас, чтобы не разориться на стоматолога потом. Правильная чистка зубов — это залог здоровья полости рта .
как правильно ухаживать за зубами и полостью рта в домашних условиях;6;Правильный уход за зубами: основы;medessi.ru;https://medessi.ru/article/pravilnyj-uhod-za-zubami:-osnovy;Здоровье полости рта играет важную роль в общем состоянии организма, и правильный уход за зубами не только обеспечивает красивую улыбку, но и предотвращает множество стоматологических заболеваний, таких как...
как правильно ухаживать за зубами и полостью рта в домашних условиях;7;Как сохранить зубы здоровыми и как можно дольше не...;MedAboutMe.ru;https://MedAboutMe.ru/articles/kak_ukhazhivat_za_zubami_chtoby_rezhe_obrashchatsya_k_stomatologu/;Как ухаживать за зубами и полостью рта , чтобы как можно дольше не обращаться к стоматологу: советы. рекомендации и лайфхаки от дантиста.
как правильно ухаживать за зубами и полостью рта в домашних условиях;8;Правильная гигиена полости рта - основные техники...;www.stomcomplex.ru;https://www.stomcomplex.ru/articles/profilaktika/pravilnaya-gigiena-polosti-rta-tekhniki-chistki-zubov-kotorye-vy-vozmozhno-delaete-nepravilno/;Правильная техника чистки зубов щеткой, использование зубной нити, ёршика и ирригатора — ключевые элементы гигиены полости рта . Ниже мы разберем, как правильно ухаживать за зубами ...
как правильно ухаживать за зубами и полостью рта в домашних условиях;9;Ирригатор, нить или обычная щетка: выбираем лучший...;www.Sportmaster.ru;https://www.Sportmaster.ru/media/articles/irrigator-nit-ili-obychnaya-shchetka-kak-pravilno-zabotitsya-o-zubah/;Как правильно чистить зубы щеткой. Правильная чистка зубов — не просто ритуал, а настоящая наука. ... Флосс ( зубная нить). Мини-инструмент для точечной чистки, который проникает в узкие промежутки между зубами .
как правильно ухаживать за зубами и полостью рта в домашних условиях;10;Правила гигиены полости рта: как сохранить здоровье...;yandex.ru;https://yandex.ru/health/turbo/articles?id=7715;О том, как правильно чистить зубы , использовать ирригатор и подбирать средства гигиены при различных состояниях зубов рассказывает врач-гигиенист клиники Studio32 Екатерина Смирнова.
как правильно ухаживать за зубами и полостью рта в домашних условиях;11;Профилактика кариеса: как ухаживать за зубами;apteka.ru;https://apteka.ru/blog/articles/pro-zdorovie/profilaktika-kariesa-kak-ukhazhivat-za-zubami/;Ежедневная забота о зубах — основа профилактики кариеса, воспаления десен и других заболеваний полости рта . Правильная гигиена помогает предотвращать разрушение...
как правильно ухаживать за зубами и полостью рта в домашних условиях;12;Основные методы профилактики заболеваний полости...;royaldent.moscow;https://royaldent.moscow/diseaseprevention;Как правильно чистить зубы . Чтобы обеспечить качество ухода за полостью рта в домашних условиях , необходимо соблюдать следующие правила: держать щетку под углом 45 градусов относительно зубного ряда
как правильно ухаживать за зубами и полостью рта в домашних условиях;13;Домашняя гигиена полости рта — советы стоматологов;aldenta.ru;https://aldenta.ru/live/domashnyaya-gigiena-polosti-rta/;"Правильная домашняя гигиена полости рта — залог здоровья зубов . Рекомендации стоматологов ""Альдента"" в Красноярске по уходу за зубами и деснами."
как правильно ухаживать за зубами и полостью рта в домашних условиях;14;Уход за полостью рта — Википедия;ru.wikipedia.org;https://ru.wikipedia.org/wiki/%D0%A3%D1%85%D0%BE%D0%B4_%D0%B7%D0%B0_%D0%BF%D0%BE%D0%BB%D0%BE%D1%81%D1%82%D1%8C%D1%8E_%D1%80%D1%82%D0%B0;Уход за полостью рта — способы очищения ротовой полости и предупреждения её заболеваний (таких, как дурной запах изо рта ) при помощи зубной щётки и пасты, а также иных полезных приемов.
как правильно ухаживать за зубами и полостью рта в домашних условиях;15;Как правильно ухаживать за зубами дома...;vm-dental.ru;https://vm-dental.ru/blog/kak-pravilno-ukhazhivat-za-zubami-doma/;Оглавление 4-ступенчатый уход за зубами дома — основа стабильного результата Шаг 1. Как правильно чистить зубы дома : техника, средства и частые ошибки
как правильно ухаживать за зубами и полостью рта в домашних условиях;16;Гигиена полости рта и зубов: как правильно чистить...;uteka.ru;https://uteka.ru/articles/zdorove/gigiena-polosti-rta/;Основные принципы гигиены полости рта . Гигиена рта в стоматологии. Как правильно чистить зубы в домашних условиях . Как подобрать зубную щетку. Можно ли чистить зубы зубным порошком.
как правильно ухаживать за зубами и полостью рта в домашних условиях;17;Домашний уход за зубами: полное руководство по...;dentblanc.ru;https://dentblanc.ru/articles/azbuka-patsienta/domashniy-ukhod-za-zubami/;Почему правильный домашний уход за зубами - основа вашего здоровья и уверенности в 2025 году? Правильная гигиена зубов в домашних условиях предотвращает накопление налета, который формируется в течение 24...
как правильно ухаживать за зубами и полостью рта в домашних условиях;18;Советы по уходу за зубами в домашних условиях;www.EsteticaDent.ru;https://www.EsteticaDent.ru/stati/kak-pravilno-ukhazhivat-za-zubami-chtoby-zashchititsya-ot-kariesa/;Как правильно поддерживать гигиену полости рта и защититься от кариеса. Рекомендации стоматологов.
как правильно ухаживать за зубами и полостью рта в домашних условиях;19;Правильная чистка зубов;shop.curaprox.ru;https://shop.curaprox.ru/articles/zubnaya-pasta/pravilnaya-chistka-zubov/;Полная гигиена полости рта : больше, чем просто правильная чистка зубов .
как правильно ухаживать за зубами и полостью рта в домашних условиях;20;Как чистить зубы правильно – сколько раз в день, время...;24stoma.ru;https://24stoma.ru/profilaktika-kariesa.html;Как правильно чистить зубы – сколько раз в день, по времени, до или после завтрака. Выбираем средства гигиены полости рта – зубную щетку, зубную пасту, флосс.
как правильно ухаживать за полостью рта и зубами;1;Чек-лист по гигиене полости рта – статьи Доктор Слон;doctorslon.ru;https://doctorslon.ru/company/articles/chek-list-po-gigiene-polosti-rta/;Чек-лист гигиены полости рта : 5 главных пунктов. Чистим зубы щеткой и пастой, очищаем межзубные промежутки, укрепляем эмаль и десны. Контролируем качество чистки. В конце рассказываем о дополнительных средствах гигиены.
как правильно ухаживать за полостью рта и зубами;2;Правильный уход за зубами: основы;medessi.ru;https://medessi.ru/article/pravilnyj-uhod-za-zubami:-osnovy;Здоровье полости рта играет важную роль в общем состоянии организма, и правильный уход за зубами не только обеспечивает красивую улыбку, но и предотвращает множество стоматологических заболеваний, таких как...
как правильно ухаживать за полостью рта и зубами;3;Правильная гигиена полости рта - основные техники...;www.stomcomplex.ru;https://www.stomcomplex.ru/articles/profilaktika/pravilnaya-gigiena-polosti-rta-tekhniki-chistki-zubov-kotorye-vy-vozmozhno-delaete-nepravilno/;Правильная техника чистки зубов щеткой, использование зубной нити и ирригатора — ключевые элементы гигиены полости рта . Ниже мы разберем, как правильно ухаживать за зубами и какие типичные ошибки нужно...
как правильно ухаживать за полостью рта и зубами;4;Уход за полостью рта – рекомендации стоматологов;Samson-Denta.ru;https://Samson-Denta.ru/blog/uhod-za-polostyu-rta/;Уход за полостью рта . Узнайте, как ухаживать за зубами сейчас, чтобы не разориться на стоматолога потом. Правильная чистка зубов — это залог здоровья полости рта .
как правильно ухаживать за полостью рта и зубами;5;Уход за полостью рта — Википедия;ru.wikipedia.org;https://ru.wikipedia.org/wiki/%D0%A3%D1%85%D0%BE%D0%B4_%D0%B7%D0%B0_%D0%BF%D0%BE%D0%BB%D0%BE%D1%81%D1%82%D1%8C%D1%8E_%D1%80%D1%82%D0%B0;Уход за полостью рта — способы очищения ротовой полости и предупреждения её заболеваний (таких, как дурной запах изо рта ) при помощи зубной щётки и пасты, а также иных полезных приемов.
как правильно ухаживать за полостью рта и зубами;6;Гигиена полости рта и зубов: как правильно чистить...;uteka.ru;https://uteka.ru/articles/zdorove/gigiena-polosti-rta/;Основные принципы гигиены полости рта . Гигиена рта в стоматологии. Как правильно чистить зубы в домашних условиях. Как подобрать зубную щетку. Можно ли чистить зубы зубным порошком.
как правильно ухаживать за полостью рта и зубами;7;Правила ухода за полостью рта: базовые этапы, методы...;aptechestvo.ru;https://aptechestvo.ru/interes/articles/pravila_ukhoda_za_polostyu_rta_bazovye_etapy_metody_rekomendatsii_stomatologov/;Правильный уход за полостью рта и зубами имеет огромное значение, так как ее здоровье оказывает влияние на другие сферы жизни. ... Как правильно ухаживать за полостью рта после операций?
как правильно ухаживать за полостью рта и зубами;8;Как ухаживать за зубами - правила ухода за зубами;kano.by;https://kano.by/blog/interesnoe/pravila-uhoda-za-zubami/;За полостью рта нужно ухаживать с детского возраста. ... Правила ухода за зубами . 1. Чистите зубы правильно . Чистить зубы нужно не меньше 2-х раз в день, утром и вечером перед сном.
как правильно ухаживать за полостью рта и зубами;9;Гигиена полости рта. Как ухаживать за зубами...;odistom.ru;https://odistom.ru/public/gigiena-polosti-rta/;Как ухаживать за зубами в домашних условиях. Поддержите долговечность зубов с рекомендациями клиники «Оди». ... Рассказываем, насколько важно для каждого человека ухаживать за полостью рта и как правильно это делать.
как правильно ухаживать за полостью рта и зубами;10;Профилактика кариеса: как ухаживать за зубами;apteka.ru;https://apteka.ru/blog/articles/pro-zdorovie/profilaktika-kariesa-kak-ukhazhivat-za-zubami/;Ежедневная забота о зубах — основа профилактики кариеса, воспаления десен и других заболеваний полости рта . Правильная гигиена помогает предотвращать разрушение...
как правильно ухаживать за полостью рта и зубами;11;Ирригатор, нить или обычная щетка: выбираем лучший...;www.Sportmaster.ru;https://www.Sportmaster.ru/media/articles/irrigator-nit-ili-obychnaya-shchetka-kak-pravilno-zabotitsya-o-zubah/;Как правильно чистить зубы щеткой. Правильная чистка зубов — не просто ритуал, а настоящая наука. ... Флосс ( зубная нить). Мини-инструмент для точечной чистки, который проникает в узкие промежутки между зубами .
как правильно ухаживать за полостью рта и зубами;12;Гигиена полости рта - ФБУЗ «Центр гигиены...»;www.59fbuz.ru;https://www.59fbuz.ru/press-center/news/gigiena-polosti-rta/;как правильно чистить зубы . При использовании зубной нити, правильнаягигиена полости рта осуществляется в таком порядке: Для одноразовой процедуры отрезается зубная нить длиной 40-50 см.
как правильно ухаживать за полостью рта и зубами;13;Правильная чистка зубов;shop.curaprox.ru;https://shop.curaprox.ru/articles/zubnaya-pasta/pravilnaya-chistka-zubov/;Полная гигиена полости рта : больше, чем просто правильная чистка зубов .
как правильно ухаживать за полостью рта и зубами;14;Правила гигиены полости рта: как сохранить здоровье...;yandex.ru;https://yandex.ru/health/turbo/articles?id=7715;О том, как правильно чистить зубы , использовать ирригатор и подбирать средства гигиены при различных состояниях зубов рассказывает врач-гигиенист клиники Studio32 Екатерина Смирнова.
как правильно ухаживать за полостью рта и зубами;15;Когда чистить зубы - утром или вечером, до или после...;zub.ru;https://zub.ru/articles/medical-advice/kogda-chistit-zuby/;Это поможет очистить ротовую полость от налета, пищевых остатков и болезнетворных бактерий. После завтрака можно воспользоваться ополаскивателем, ирригатором и флоссом. Когда чистят зубы вечером.
как правильно ухаживать за полостью рта и зубами;16;Как правильно чистить зубы: Советы и рекомендации;Megapteka.ru;https://Megapteka.ru/specials/kak-pravilno-chistit-6398;Но знаете ли вы, насколько важен правильный уход за полостью рта ? ... Давайте разберемся: как же правильно ухаживать за зубами , чтобы сохранить их здоровье и красоту на долгие годы.
как правильно ухаживать за полостью рта и зубами;17;Профессиональная гигиена полости рта: почему она...;stolichki.ru;https://stolichki.ru/clubs/beauty/beauty_secrets/professionalnaya-gigiena-polosti-rta;Известно, что правильный уход за полостью рта — это способ сохранить зубы и десны здоровыми. ... Обычно необходимость в профессиональной гигиене полости рта определяет стоматолог после осмотра ротовой полости .
как правильно ухаживать за полостью рта и зубами;18;Как сохранить зубы здоровыми и как можно дольше не...;MedAboutMe.ru;https://MedAboutMe.ru/articles/kak_ukhazhivat_za_zubami_chtoby_rezhe_obrashchatsya_k_stomatologu/;Как ухаживать за зубами и полостью рта , чтобы как можно дольше не обращаться к стоматологу: советы. рекомендации и лайфхаки от дантиста.
как правильно ухаживать за полостью рта и зубами;19;Гигиена полости рта: что такое, правила | Для чего нужна...;stomatologiya.doct.ru;https://stomatologiya.doct.ru/articles/gigiena-rta.html;Почему важно регулярно ухаживать за полостью рта . Что дает регулярный уход . Связь заболеваний рта с другими системами. Экономия на лечении. К чему приводит отсутствие системного ухода за полостью рта .
как правильно ухаживать за полостью рта и зубами;20;Правила ухода за зубами детей и взрослых...;furor-clinic.ru;https://furor-clinic.ru/blog/poleznaya-informaciya/pravila-uhoda-za-zubami/;Рекомендации стоматолога по уходу за зубами . Правила ухода за зубами детей. ... Специалисты советуют ухаживать за полостью рта у детей после того, как прорежутся первые молочные зубы .
как правильно ухаживать за полостью рта и зубами в домашних условиях;1;Чек-лист по гигиене полости рта – статьи Доктор Слон;doctorslon.ru;https://doctorslon.ru/company/articles/chek-list-po-gigiene-polosti-rta/;Чек-лист гигиены полости рта : 5 главных пунктов. Чистим зубы щеткой и пастой, очищаем межзубные промежутки, укрепляем эмаль и десны. Контролируем качество чистки. В конце рассказываем о дополнительных средствах гигиены.
как правильно ухаживать за полостью рта и зубами в домашних условиях;2;Как ухаживать за зубами - правила ухода за зубами;kano.by;https://kano.by/blog/interesnoe/pravila-uhoda-za-zubami/;За полостью рта нужно ухаживать с детского возраста. Как же правильно ухаживать за зубами ? ... Уход за зубами ребенка. Что может быть лучше красивой улыбки? Ухаживать за полостью рта нужно с малых лет.
как правильно ухаживать за полостью рта и зубами в домашних условиях;3;Гигиена полости рта. Как ухаживать за зубами...;odistom.ru;https://odistom.ru/public/gigiena-polosti-rta/;Как ухаживать за зубами в домашних условиях . Поддержите долговечность зубов с рекомендациями клиники «Оди». ... Рассказываем, насколько важно для каждого человека ухаживать за полостью рта и как правильно это делать.
как правильно ухаживать за полостью рта и зубами в домашних условиях;4;Правила ухода за полостью рта: базовые этапы, методы...;aptechestvo.ru;https://aptechestvo.ru/interes/articles/pravila_ukhoda_za_polostyu_rta_bazovye_etapy_metody_rekomendatsii_stomatologov/;Правильный уход за полостью рта и зубами имеет огромное значение, так как ее здоровье оказывает влияние на другие сферы жизни. ... Как правильно ухаживать за полостью рта после операций?
как правильно ухаживать за полостью рта и зубами в домашних условиях;5;Правильный уход за зубами: основы;medessi.ru;https://medessi.ru/article/pravilnyj-uhod-za-zubami:-osnovy;Здоровье полости рта играет важную роль в общем состоянии организма, и правильный уход за зубами не только обеспечивает красивую улыбку, но и предотвращает множество стоматологических заболеваний, таких как...
как правильно ухаживать за полостью рта и зубами в домашних условиях;6;Уход за полостью рта – рекомендации стоматологов;Samson-Denta.ru;https://Samson-Denta.ru/blog/uhod-za-polostyu-rta/;Уход за полостью рта . Узнайте, как ухаживать за зубами сейчас, чтобы не разориться на стоматолога потом. Правильная чистка зубов — это залог здоровья полости рта .
как правильно ухаживать за полостью рта и зубами в домашних условиях;7;Правильная гигиена полости рта - основные техники...;www.stomcomplex.ru;https://www.stomcomplex.ru/articles/profilaktika/pravilnaya-gigiena-polosti-rta-tekhniki-chistki-zubov-kotorye-vy-vozmozhno-delaete-nepravilno/;Правильная техника чистки зубов щеткой, использование зубной нити, ёршика и ирригатора — ключевые элементы гигиены полости рта . Ниже мы разберем, как правильно ухаживать за зубами , чтобы ваши усилия не пропадали...
как правильно ухаживать за полостью рта и зубами в домашних условиях;8;Как сохранить зубы здоровыми и как можно дольше не...;MedAboutMe.ru;https://MedAboutMe.ru/articles/kak_ukhazhivat_za_zubami_chtoby_rezhe_obrashchatsya_k_stomatologu/;Как ухаживать за зубами и полостью рта , чтобы как можно дольше не обращаться к стоматологу: советы. рекомендации и лайфхаки от дантиста.
как правильно ухаживать за полостью рта и зубами в домашних условиях;9;Ирригатор, нить или обычная щетка: выбираем лучший...;www.Sportmaster.ru;https://www.Sportmaster.ru/media/articles/irrigator-nit-ili-obychnaya-shchetka-kak-pravilno-zabotitsya-o-zubah/;Как правильно чистить зубы щеткой. Правильная чистка зубов — не просто ритуал, а настоящая наука. ... Флосс ( зубная нить). Мини-инструмент для точечной чистки, который проникает в узкие промежутки между зубами .
как правильно ухаживать за полостью рта и зубами в домашних условиях;10;Правила гигиены полости рта: как сохранить здоровье...;yandex.ru;https://yandex.ru/health/turbo/articles?id=7715;О том, как правильно чистить зубы , использовать ирригатор и подбирать средства гигиены при различных состояниях зубов рассказывает врач-гигиенист клиники Studio32 Екатерина Смирнова.
как правильно ухаживать за полостью рта и зубами в домашних условиях;11;Основные методы профилактики заболеваний полости...;royaldent.moscow;https://royaldent.moscow/diseaseprevention;Как правильно чистить зубы . Чтобы обеспечить качество ухода за полостью рта в домашних условиях , необходимо соблюдать следующие правила: держать щетку под углом 45 градусов относительно зубного ряда
как правильно ухаживать за полостью рта и зубами в домашних условиях;12;Как правильно ухаживать за зубами дома...;vm-dental.ru;https://vm-dental.ru/blog/kak-pravilno-ukhazhivat-za-zubami-doma/;Оглавление 4-ступенчатый уход за зубами дома — основа стабильного результата Шаг 1. Как правильно чистить зубы дома : техника, средства и частые ошибки
как правильно ухаживать за полостью рта и зубами в домашних условиях;13;Уход за полостью рта — Википедия;ru.wikipedia.org;https://ru.wikipedia.org/wiki/%D0%A3%D1%85%D0%BE%D0%B4_%D0%B7%D0%B0_%D0%BF%D0%BE%D0%BB%D0%BE%D1%81%D1%82%D1%8C%D1%8E_%D1%80%D1%82%D0%B0;Уход за полостью рта — способы очищения ротовой полости и предупреждения её заболеваний (таких, как дурной запах изо рта ) при помощи зубной щётки и пасты, а также иных полезных приемов.
как правильно ухаживать за полостью рта и зубами в домашних условиях;14;Домашняя гигиена полости рта — советы стоматологов;aldenta.ru;https://aldenta.ru/live/domashnyaya-gigiena-polosti-rta/;"Правильная домашняя гигиена полости рта — залог здоровья зубов . Рекомендации стоматологов ""Альдента"" в Красноярске по уходу за зубами и деснами."
как правильно ухаживать за полостью рта и зубами в домашних условиях;15;Профилактика кариеса: как ухаживать за зубами;apteka.ru;https://apteka.ru/blog/articles/pro-zdorovie/profilaktika-kariesa-kak-ukhazhivat-za-zubami/;Ежедневная забота о зубах — основа профилактики кариеса, воспаления десен и других заболеваний полости рта . Правильная гигиена помогает предотвращать разрушение...
как правильно ухаживать за полостью рта и зубами в домашних условиях;16;Гигиена полости рта и зубов: как правильно чистить...;uteka.ru;https://uteka.ru/articles/zdorove/gigiena-polosti-rta/;Основные принципы гигиены полости рта . Гигиена рта в стоматологии. Как правильно чистить зубы в домашних условиях . Как подобрать зубную щетку. Можно ли чистить зубы зубным порошком.
как правильно ухаживать за полостью рта и зубами в домашних условиях;17;Как правильно чистить зубы: как выбрать зубную щетку...;goldapple.ru;https://goldapple.ru/flacon/article/davno-u-stomatologa-byli-kak-pravilno-chistit-zuby;Как правильно чистить зубы ? Какая зубная паста и щетка лучше? Как часто чистить зубы и как часто менять зубную щетку? Что нужно для ухода за зубами ? Разбираемся вместе со стоматологом.
как правильно ухаживать за полостью рта и зубами в домашних условиях;18;Домашний уход за зубами: полное руководство по...;dentblanc.ru;https://dentblanc.ru/articles/azbuka-patsienta/domashniy-ukhod-za-zubami/;Правильная гигиена зубов в домашних условиях предотвращает накопление налета, который формируется в течение 24 часов и становится причиной кариеса, гингивита и пародонтита.
как правильно ухаживать за полостью рта и зубами в домашних условиях;19;Советы по уходу за зубами в домашних условиях;www.EsteticaDent.ru;https://www.EsteticaDent.ru/stati/kak-pravilno-ukhazhivat-za-zubami-chtoby-zashchititsya-ot-kariesa/;Как правильно ухаживать за зубами , чтобы защититься от кариеса. ... Уход за полостью рта и зубами включает массаж дёсен. Для этого совершайте круговые движения щёткой без нажима.
как правильно ухаживать за полостью рта и зубами в домашних условиях;20;Как правильно чистить зубы: 15 советов и техника от...;www.zdoroviemed.ru;https://www.zdoroviemed.ru/stati/kak-pravilno-chistit-zuby/;Заболевания полости рта при отсутствии регулярной и правильной чистки зубов . ... Советы и рекомендации по сохранению здоровья зубов . Как правильно чистить зубы зубной щеткой: итог.
как правильно ухаживать за полостью рта после удаления зуба;1;Гигиена полости рта после удаления зуба – статьи...;doctorslon.ru;https://doctorslon.ru/company/articles/gigiena-polosti-rta-posle-udaleniya-zuba/;Почему после удаления зуба особенно важна гигиена. Когда можно чистить зубы в первый раз? Как чистить зубы после удаления зуба и какие средства использовать. Чем полоскать рот и надо ли это делать?
как правильно ухаживать за полостью рта после удаления зуба;2;Что можно и нельзя делать после удаления зуба: советы...;www.kp.ru;https://www.kp.ru/doctor/bolezni/chto-mozhno-i-nelzya-delat-posle-udaleniya-zuba/;Как правильно ухаживать за съемными зубными протезами. Можно ли спать и как правильно . В первую ночь после удаления зуба рекомендуется спать на высокой подушке или слегка приподнятым изголовьем кровати.
как правильно ухаживать за полостью рта после удаления зуба;3;Рекомендации после удаления зуба для быстрого...;prezi-dent.ru;https://prezi-dent.ru/zhurnal/stati/rekomendacii-posle-udaleniya-zubov;Как ухаживать за полостью рта после удаления зуба ? После удаления стоит воздержаться от приема пищи на 2 часа, потом можно аккуратно есть мягкую пищу, стараясь жевать на другой стороне.
как правильно ухаживать за полостью рта после удаления зуба;4;После удаления зуба - полный гид по заживлению от...;www.denta-sar.ru;https://www.denta-sar.ru/chto-delat-posle-udaleniya-zuba-instrukcziya-kotoraya-spaset-ot-oslozhnenij/;Введение: что происходит сразу после удаления зуба ? Критически важные первые 24 часа: инструкция по минутам. Уход за полостью рта в первую неделю (со 2 по 7 день). Тревожные симптомы: когда пора бить тревогу и звонить врачу?
как правильно ухаживать за полостью рта после удаления зуба;5;Рекомендации для быстрого заживления после удаления...;paloma-blanca.ru;https://paloma-blanca.ru/service/khirurgicheskaya-stomatologiya/posle-udaleniya-zuba/;Как ухаживать за швами и лункой. Правильная гигиена полости рта после удаления зуба — важное условие быстрого и беспроблемного заживления ранки.
как правильно ухаживать за полостью рта после удаления зуба;6;Рекомендации после удаления зуба – что нельзя делать...;msk.1digitalclinic.ru;https://msk.1digitalclinic.ru/about/articles/rekomendatsii-posle-udaleniya-zuba/;Содержание чего нельзя делать после удаления зуба ? чем можно полоскать рот ?
как правильно ухаживать за полостью рта после удаления зуба;7;Можно ли чистить зубы после удаления зуба – как...;belgraviadent.ru;https://belgraviadent.ru/articles/mozhno-li-chistit-zuby-posle-udaleniya-zuba/;После удаления зуба крайне важен правильный уход за полостью рта . ... Как правильно чистить зубы в первые дни после удаления . Для быстрого, безопасного заживления лунки критически важно соблюдать правила гигиены.
как правильно ухаживать за полостью рта после удаления зуба;8;Уход за зубами после удаления зуба - рекомендации...;ibi.clinic;https://ibi.clinic/publications/detail/ukhod-za-zubami-posle-udaleniya-zuba/;Как ухаживать за полостью рта после удаления зуба . А теперь мы рассмотрим основные принципы гигиены полости рта после удаления , как чистить зубы , и какие средства можно использовать.
как правильно ухаживать за полостью рта после удаления зуба;9;Что делать после удаления зуба – чем и как полоскать...;legstom.ru;https://legstom.ru/zhurnal/chto-delat-posle-udaleniya-zuba/;Что делать и чего не делать после удаления зуба – правильное полоскание и гигиена полости рта .
как правильно ухаживать за полостью рта после удаления зуба;10;Рекомендации после удаления зубов: питание, уход...;greenstom.spb.ru;https://greenstom.spb.ru/blog/after-tooth-extraction;Уход за полостью рта после удаления зуба . Гигиена рта остаётся обязательной, но требует деликатного подхода. Рекомендации: В день удаления зубы не чистят, чтобы не нарушить сгусток.
как правильно ухаживать за полостью рта после удаления зуба;11;Что делать после удаления зуба: рекомендации, когда...;24stoma.ru;https://24stoma.ru/chto-delat-posle-udaleniya-zuba.html;Уход за полостью рта после удаления зуба –. За полостью рта необходим тщательный уход после удаления зуба . Зубы нужно чистить как обычно, включая группу зубов в области удаленного зуба .
как правильно ухаживать за полостью рта после удаления зуба;12;Питание и гигиена после удаления зубов;vitadent-omsk.ru;https://vitadent-omsk.ru/rekomendatsii/posle-udaleniya-zubov/;Как правильно ухаживать за зубами в этот период: сразу после удаления зуба никакие гигиенические процедуры проводить не нужно. Первую чистку зубов лучше отложить на следующее утро.
как правильно ухаживать за полостью рта после удаления зуба;13;Что делать после удаления зуба: как ухаживать и когда...;MedAboutMe.ru;https://MedAboutMe.ru/articles/chto_delat_posle_udaleniya_zuba/;После удаления зуба : что можно и что нельзя, чем надо обрабатывать лунку и когда можно думать об импланте и других вариантах протезирования.
как правильно ухаживать за полостью рта после удаления зуба;14;Восстановление после удаления зуба - этапы...;dinastiya-dent.ru;https://dinastiya-dent.ru/blog/protezirovanie/vosstanovlenie-posle-udaleniya-zuba/;Рекомендации по уходу после удаления зуба . Частые ошибки (и как их избежать). Мини-план на первые 5 дней (шпаргалка). ... Тщательно ухаживать за полостью рта .
как правильно ухаживать за полостью рта после удаления зуба;15;Что делать после удаления зуба?;dentalgu.ru;https://dentalgu.ru/statyi/khirurgicheskaya-stomatologiya/chto-delat-posle-udaleniya-zuba-/;Содержание Правильный уход за полостью рта после удаления зубов Если десна после удаления зуба кровоточит Гигиена после удаления зубов . Ухаживать за зубами и деснами обязательно.
как правильно ухаживать за полостью рта после удаления зуба;16;Рекомендации после удаления зуба — что нельзя делать...;www.StartSmile.ru;https://www.StartSmile.ru/khirurgicheskaya-stomatologiya/rekomendatsii-posle-udaleniya-zuba.html;Расскажем, когда можно есть после удаления зуба , нужно ли принимать обезболивающие, чем можно полоскать рот , и в целом, как правильно вести себя в послеоперационный период.
как правильно ухаживать за полостью рта после удаления зуба;17;Правила ухода за полостью рта после лечения;albakaluga.ru;https://albakaluga.ru/interesnye-stati/pravila-ukhoda-za-polostyu-rta-posle-udaleniya-zuba;После удаления зуба к уходу нужно отнестись более внимательно и осторожно, чем в обычной ситуации. Открытая рана — потенциально опасный фактор. Она может стать причиной кровотечения или бактериального заражения.
как правильно ухаживать за полостью рта после удаления зуба;18;Что можно и нельзя после удаления зуба: рекомендации...;uteka.ru;https://uteka.ru/articles/sovety/posle-udaleniya-zuba-/;"Врач ответить на вопрос: ""Что можно и нельзя после удаления зуба ?"", посоветует как правильно ухаживать за зубами после удаления , какими антисептиками пользоваться и как избежать воспаления."
как правильно ухаживать за полостью рта после удаления зуба;19;Как правильно полоскать рот после удаления зуба;vldent.ru;https://vldent.ru/articles/udalenie-zuba-kak-pravilno-uhajivat-za-polost-rta-posle-udaleniya-zuba-dlya-bystrogo-zajivleniya;Как правильно ухаживать за полостью рта после удаления зуба . Когда можно делать ротовые ванночки, почему важно сохранять кровяной сгусток, и почему первые три дня нельзя полоскать рот .
как правильно ухаживать за полостью рта после удаления зуба;20;Как ухаживать за полостью рта после удаления зуба...;aldenta.ru;https://aldenta.ru/live/kak-ukhazhivat-za-polostyu-rta-posle-udaleniya-zuba/;Гигиена полости рта после удаления зуба Чистите зубы аккуратно, избегая области удаления в первые сутки. Избегайте зубных нитей и ополаскивателей на спиртовой основе рядом с лункой.
ополаскиватель biorepair для полости рта уход за деснами biorepair mouthwash gum protection, 500 мл;1;Купить биорепейр ополаскиватель для полости рта...;biorepair.ru;https://biorepair.ru/production/opolaskivateli/biorepair-mouthwash-gum-protection-antibakterialnyi-opolaskivatel-dlya-polosti-rta/;У нас вы можете купить биорепейр ополаскиватель для полости рта « уход за деснами » ополаскиватели в Москве с доставкой.
ополаскиватель biorepair для полости рта уход за деснами biorepair mouthwash gum protection, 500 мл;2;Biorepair ополаскиватель для полости рта уход за...;apteka.ru;https://apteka.ru/product/biorepair-opolaskivatel-dlya-polosti-rta-uxod-za-desnami-500-ml-5e6b85209cc9d70001be5623/;Бренд Biorepair ( Биорепейр ) BIOREPAIR ОПОЛАСКИВАТЕЛЬ Д/ ПОЛОСТИ РТА УХОД ЗА ДЕСНАМИ Внешний вид…
ополаскиватель biorepair для полости рта уход за деснами biorepair mouthwash gum protection, 500 мл;3;Ополаскиватели для полости рта Biorepair купить на...;www.OZON.ru;https://www.OZON.ru/category/opolaskivateli-dlya-polosti-rta-biorepair/;Ополаскиватели для полости рта Biorepair – покупайте на OZON по выгодным ценам, быстрая и бесплатная доставка, большой ассортимент, бонусы, рассрочка и кэшбэк, распродажи, скидки и акции, реальные отзывы покупателей.
ополаскиватель biorepair для полости рта уход за деснами biorepair mouthwash gum protection, 500 мл;4;Ополаскиватель для полости рта защита десен...;yabs.yandex.ru;https://yabs.yandex.ru/count/WguejI_zOoVX2Lbp0WKL07Cdbhxc-hC2ZLw1CAqh01uXqKa2vWIgUCC4zAOI9Je04V0k4T1HO7NbJXFeyxdSsRFzpfqttFdw7QyttE56dtZkZDxvyxP_SkZKbZvpfmtzUTesT9hRUP8rwCUAH0tweIPLVwWtVgWoVeAEWdwMaAn8rA1wY8faL2Sj3HtLJwVJwNmweqxdr3fqT4Ij3Xd9QDi1KpPPG04oLvrHUXDiHJzUQWmwZYOG-VZu-FYKm1GGzWLuEH1F5Q3bG2nLW9O3SLG1MWx4EmhGSY3E5g3bGAoZ02q7OgW2j308stA-9lh6U7JHgnxcT654EOS_XFq7Boq9v4lAx4FMU-32OBEyJGOGUoIHNY5eVuDJImRuvb8DQhXmFl0031u8hZ5cSB11MwoOSL7hiMTsuntIa-jM8RBebNMpDp71m0TLdSytJ80Rm7u3Du4cBOqRjhwECErCYO-mB9Ekr-YUPZjum9QxgWuG2E3B0QtsIvUUkLjPjfnGOM9XQyBFJiW2aHPb2plei0hbAXDPHh-v0gPWJY3A3WfRAiWaCUIcZWKpQR5wZDZ7w1x6ZE45LjSGW0ascAvqSdT2Wu4M9aszfTxyQcXoDJHt_njhplv-s08do0_-LNl_ozJIVYzJI_kvlqh8tski-huM0_Z9ps80Fs6Qcq_KcEKOkorpp5nwOvRxhkkwJfkzcewiRHF8bInwRmAvaaLlbt--d5EdzNgoHvCxQ_sOzk0GEiHeP_vBwxf-AEa51D3lk5xu8yjKTUNhjJwF2zZ4TPI13byPp9LAfL9eo0b0Uvca_4O1a9Cm2HHI51JyVO-buV5DJpAyXdH3WlhHfqLrJZZaz7C9dmS5htzIfdC-y1qEC4ev-1bOnssCmDcRdYFuohd4eIqwn24jwXLMkYy16W00~2?etext=&from=&q=;mouthwash gum protection 1. ... BIOREPAIR mouthwash gum protection . 90060200002. Особая густая…
ополаскиватель biorepair для полости рта уход за деснами biorepair mouthwash gum protection, 500 мл;5;Купить ополаскиватели и освежители для рта Biorepair...;www.WildBerries.ru;https://www.WildBerries.ru/brands/biorepair/opolaskivateli-i-osvezhiteli-dlya-rta;Ополаскиватель полости рта для защиты десен Gum , 500 мл Biorepair .
ополаскиватель biorepair для полости рта уход за деснами biorepair mouthwash gum protection, 500 мл;6;Biorepair Ополаскиватель для полости рта...;uteka.ru;https://uteka.ru/product/biorepair-opolaskivatel-dlya-polosti-rta-390928/;ополаскиватель полости рта , защита десен , 500 мл , 1 шт. ... Biorepair ® Антибактериальный ополаскиватель для ухода за …
ополаскиватель biorepair для полости рта уход за деснами biorepair mouthwash gum protection, 500 мл;7;Ополаскиватель Biorepair Mouthwash Gum Protection...;www.Detmir.ru;https://www.Detmir.ru/product/index/id/6126656/;Ополаскиватель для полости рта Biorepair Mouthwash Gum Protection не содержит спирта, фтора и…
ополаскиватель biorepair для полости рта уход за деснами biorepair mouthwash gum protection, 500 мл;8;Biorepair Ополаскиватель для полости рта Уход за...;yabs.yandex.ru;https://yabs.yandex.ru/count/WsOejI_zOoVX2LcS0yKQ00CmkBxc-hC2ZLvN07nFCIPWJg2AJu3h3HFGcqgKw014mEiHo4v0G4VXve1ofmdq-LpkxDb-vyvtVUry_OxN6-vmRrXfE9yyLQ6V73pMenjAFDQZ6qe_ENYiGTIXenmvSfuaQn1rwEWdI8Y8MdIZocCzkg7qmvE3ntxYKQVzTE9IcwSgz5Ebvd3ov912fSyeD2gDGdcgGa0od5CRcajnfpJ4SvhRqMU9wf698IAd4reN6Gaf1LcLZ92EQg8b6VMC9AgD6KfBHaIr416rACbQhQauwghHZAMQgeHK2oab6GqP7TNK6qFLUiYgHAqXH2E9EcHqP4H2AMYfQcJ3MYsY8XdkW2cRBA00cQlEABq9jg8VBpK67KSJY7nyV7nyIdIOpYMSpmKqWIaWx0lmSY2UAa3BWLYg02q7ugW2j1o8TnIWvK2SBK3BWLX70LeEn505Q3UuyitvcdZSG53BemCufqil4VIkVGZJ7xoqP92cR_X3rdlWmc3vhEWD88uneWCBEUQwVGVuvb8DQhXmFl0031u8hZ5cSB11MwoOSL7hiMTsuotgeqQIE74-tp01RW3x3TmHUX8lY6rOIdo4QJNiNXV0Iq_Lb3VeiDlpDDl10xRSLNM0G01VFLYj5omzSxUoR3cXmiJ2riISYIooH00mO6477LQX38DS9gFVN05JC2SGPGU5hQUWmqmeTz3ZImovgMF1J5gi7YFsCRg7CMDuWTKr16223QOhdToTq62WXKbJRwatlngQN0tDtVz6c4Un7_x0u--3OvoS_lSBAldUBwZaSvjUpFx-8KcIhzK09_Yp6k04cURlYCSimqI5CSVCfHV3SjzrNTTfirVJaRNrtx18UlVVi4XwIvVvil-wUvFqvB_tEEFpOzg34n2IP4gK_zAwpiJ4n1nMz3i-s4IBLlVo5VFQFxa5nEg8ptgl-_FU4vMfA4lu18yoqE4hWxbIgLGA3Ja1Q3Exb3ycmna4J0A550Ka_AOW1ndjiVdnq09vqiOjzPCtw6s_FRmIlk0IY4ZY3WJ4FXObRWg0NKoSs1cnrv1k1USXEWZsv631RkU5zrfQyCe5TFkGbj8bC9rCsksZOijz_oaJIYjzq1zkg7ePKRaxSbZ7ICLx17_4jbovHTSYh1Jd7J80~2?etext=&from=&q=;Ополаскиватель для полости рта Уход за деснами Mouthwash Gum Protection 500 мл от Biorepair купить в Москве по невысокой…
ополаскиватель biorepair для полости рта уход за деснами biorepair mouthwash gum protection, 500 мл;9;Ополаскиватель Biorepair Mouthwash Gum Protection...;doctorslon.ru;https://doctorslon.ru/catalog/penki-i-opolaskivateli/opolaskivatel-biorepair-mouthwash-gum-protection-500-ml/;Biorepair - инновационные средства для ухода за полостью рта , восстанавливающие и укрепляющие эмаль.
ополаскиватель biorepair для полости рта уход за деснами biorepair mouthwash gum protection, 500 мл;10;Biorepair Mouthwash Antibacterial 500 мл... | Рив Гош;rivegauche.ru;https://rivegauche.ru/product/biorepair-mouthwash-antibacterial;"Ополаскиватель для полости рта . Объем, мл . 500 . ... Biorepair — это больше, чем просто уход за зубами; это инновационная формула, которая заботится о вашем здоровье полости рта ."
ополаскиватель biorepair для полости рта уход за деснами biorepair mouthwash gum protection, 500 мл;11;BIOREPAIR Ополаскиватель для полости рта...;www.letu.ru;https://www.letu.ru/product/biorepair-opolaskivatel-dlya-polosti-rta-mouthwash/136100054/sku/151500119;Ополаскиватель для полости рта Mouthwash , 500 мл . ... BIOREPAIR Зубная паста Biorepair Peribioma Gum …
ополаскиватель biorepair для полости рта уход за деснами biorepair mouthwash gum protection, 500 мл;12;Ополаскиватель для полости рта Biorepair;www.Lamoda.ru;https://www.Lamoda.ru/p/mp002xu007vp/beauty_accs-biorepair-opolaskivatel-dlya-polosti-rta/;Biorepair ополаскиватель для ухода за деснами идеальное дополнение для основного ухода за полостью рта …
ополаскиватель biorepair для полости рта уход за деснами biorepair mouthwash gum protection, 500 мл;13;Ополаскиватель для полости рта Biorepair Delicate...;yabs.yandex.ru;https://yabs.yandex.ru/count/WkOejI_zOoVX2LcE0iKM02EhfBxc-bhhpmeqUbq1i8gch0JC2LJnXWdeJILAT00YuFK8P9S8w2ZS753kD84-dykTFTllt7d3dQ_VyNh37IvkuyyRpwDJl0GHabKfQkFH_FcidKxdz8dRL1a_GqG_JYVqHuY8MfHahVvGSVnKZMRGMFgPaKIrCKDfoOZe9ubeISQFLOaQ93HahVxyK9MGVeIKaeo6Z8v-g3U6gZz3LYLg3I4QITGXeoCZ4aX2r2Chaf4G40ae57y6rLQX8YgD9ACXewCbf17MAXL9oLeaD5HaDCA63HjJTi2KJHPGWCnLPvJU15lHZvSQWuuZJ05XNu2N0_5K0LeEn585Q3aGHnMWvK2yem0j1-9i0LeEn3eAq78WXYf0ky6LRyxNX9GOPXG8T53aT9MazFe2QC95JgpOj2XbW6ykrQ262-S33y3WWU0QOmO76xJ5YXaNjHvxPZTUyOSbOWOcv_CD4-06iD_0NHRXffqfyH6crR1xNG0lFLLJbibQCaLR8uxHTRr6zpJRmGEst5LrW400NprOhHOiFNEticmveSB4mjR4zqmC1r8spy8EEgn2UOEyhun-SmLCmPn0b1qKjfw23ZEXpEBgAORSrB5W9YrMZn7x6Dt3c36ymEeQ0Z311jELJkvEQ33GmgIfjzIRNmrDheRcxd_Z4alvXozuQNtmnohytwLYZ-zTAlRuN6OJBt-l6OFysWiw67_sWWv6flcNbJ7B4vpeO8wPI-_DSjzrNTTfirVJaRNrsx4eUlVRiIozNOvzcGEI8f2UxBbKRLD-J7im22pOr9p_qhgk3uAJ6D7zVZSXmkRLkPpdlDRZXLMHbVcizxeVUpDdbVKnMzHH1ZfyPJ1NAfLAeI4d0EqbbVBx83bsc0GAAGeJ_9MFGq_ozJiqr7Tk8h0BoH6gRFJW4LMxCjjAUVzk0KNQRpLbmbLCKMYGjSaPIOCwvdBF4PokFpBL5bqMOMKLxv01~2?etext=&from=&q=;BIOREPAIR Delicate Gums Mouthwash Уход за деснами , 500 мл . ... Комментарий: Пользуемся средствами для …
ополаскиватель biorepair для полости рта уход за деснами biorepair mouthwash gum protection, 500 мл;14;Ополаскиватель для полости рта антибактериальный...;zdravcity.ru;https://zdravcity.ru/p_opolaskivatel-dlja-polosti-rta-antibakterialnyj-uhod-za-desnami-delicate-gums-mouthwash-biorepair-50-0130613.html;Инструкция по применению Ополаскиватель для полости рта антибактериальный уход за деснами Gum Protection …
ополаскиватель biorepair для полости рта уход за деснами biorepair mouthwash gum protection, 500 мл;15;Биорепейр (Biorepair) Ополаскиватель для полости...;www.eapteka.ru;https://www.eapteka.ru/goods/id225209/;Купить Biorepair Ополаскиватель для полости рта Protezionе Gengive/ Gum Protection 500 мл 1 шт цена.
ополаскиватель biorepair для полости рта уход за деснами biorepair mouthwash gum protection, 500 мл;16;Ополаскиватель для полости рта Biorepair Delicate...;market.yandex.ru;https://market.yandex.ru/card/opolaskivatel-dlya-polosti-rta-biorepair-delicate-gums-mouthwash-ukhod-za-desnami-500-ml/102186322095;Биорепейр ( Biorepair ) Ополаскиватель для полости Mouthwash Gum Protection 4-action 500 мл 1 шт. WATERDENT Пенка…
ополаскиватель biorepair для полости рта уход за деснами biorepair mouthwash gum protection, 500 мл;17;Купить Ополаскиватель для полости рта Mouthwash...;www.socolor.ru;https://www.socolor.ru/biorepeir_delicate_gums_mouthwash_500_ml_id_157992.html;Biorepair ® Антибактериальный ополаскиватель для ухода за деснами - идеальное дополнение для основного ухода за полостью рта .
ополаскиватель biorepair для полости рта уход за деснами biorepair mouthwash gum protection, 500 мл;18;Ополаскиватель Biorepair антибактериальный, 500 мл...;dent-mart.ru;https://dent-mart.ru/catalog/opolaskivateli_osvezhiteli_penki_sprei/opolaskivateli/5979/;Ополаскиватель Biorepair с тройным действием: снижение чувствительности, антибактериальный эффект и профилактика кариеса.
ополаскиватель biorepair для полости рта уход за деснами biorepair mouthwash gum protection, 500 мл;19;Biorepair Plus Oral Care 500 мл ополаскиватель полости...;vn1.ru;https://vn1.ru/product/bioripea-opol-l-d-polosti-rta-500ml-ukhod-za-desnami-123211/;Ополаскиватель рекомендуется к применению как для лечения, так и для профилактики заболевания десен .
ополаскиватель biorepair для полости рта уход за деснами biorepair mouthwash gum protection, 500 мл;20;Ополаскиватель для полости рта Biorepair Gum...;lavka.yandex.ru;https://lavka.yandex.ru/supermarket/good/opolaskivatel-dlya-polosti-rta-biorepair-mouthwash-gum-protection-zashita-dyosen-75-millilitre;Зубная паста Biorepair 75 мл . ... Зубная паста Biorepair Intensive Night Repair Ночной уход против эрозии эмали.
уход за зубами для детей;1;Гигиена полости рта у детей от 0 до 3 лет – статьи Доктор...;doctorslon.ru;https://doctorslon.ru/company/articles/gigiena-polosti-rta-u-detey-ot-0-do-3-let/;Правила по уходу за полостью рта до 3 лет Детский рюкзачок — для самой правильной гигиены Однако распространено мнение, что детям до 3 лет не стоит чистить зубы ...
уход за зубами для детей;2;Детский стоматолог: как правильно заботиться о зубах...;stolichki.ru;https://stolichki.ru/clubs/mother/health/17-voprosov-detskomu-stomatologu-uznayte-kak-pravilno-zabotitsya-o-zubah-detey;Так ребенок привыкнет к регулярному уходу за зубами и в будущем сам перенимет эту полезную привычку.
уход за зубами для детей;3;Как правильно чистить зубы ребенку: руководство для...;www.Detmir.ru;https://www.Detmir.ru/page/blog-kak-pravilno-chistit-zuby-u-detej/;Уход за полостью рта Детская зубная паста  Зубной гель  Ополаскиватели для полости рта Детские зубные щетки  Электрические зубные щетки  Зубные щетки для первых зубов .
уход за зубами для детей;4;Как мне ухаживать за зубами моего ребенка?;shop.curaprox.ru;https://shop.curaprox.ru/articles/zubnaya-pasta/kak-mne-ukhazhivat-za-zubami-moego-rebenka/;Уход за молочными зубами : чистка первых зубов , прорезывание зубов , уход за деснами. Подводя итог, можно сказать, что очень важно сделать всё, что в ваших силах, чтобы позаботиться о здоровье полости рта вашего ребёнка с...
уход за зубами для детей;5;Как ухаживать за детскими зубами: советы стоматологов...;www.Eldorado.ru;https://www.Eldorado.ru/blog/publications/stomatologi-rasskazali-kak-ukhazhivat-za-detskimi-zubami-13549;Уход начинается с первого прорезавшегося зуба — щётки, пасты 0+ и воды. С 2-х лет выбирайте пасту с содержанием фтора для профилактики кариеса у детей .
уход за зубами для детей;6;Когда начинать чистить зубы малышу и как правильно...;www.NestleBaby.ru;https://www.NestleBaby.ru/articles/kak-chistit-zuby-rebenku-do-goda;Чистить зубы малышу необходимо как минимум с момента появления первого зуба . Некоторые специалисты рекомендуют начинать уход за полостью рта с самого рождения для удаления остатков молока и/или твердой пищи (обычно...
уход за зубами для детей;7;Как правильно чистить зубы ребенку: пошаговая...;www.kp.ru;https://www.kp.ru/family/deti/kak-pravilno-chistit-zuby-rebenku/;— Молочные зубы , появляющиеся во рту малыша , достаточно уязвимые к внешним факторам и поэтому так важно начинать уход за зубами ребенка сразу с прорезывания первого зуба .
уход за зубами для детей;8;Как научить ребенка чистить зубы – правильная техника...;www.dentalfantasy.ru;https://www.dentalfantasy.ru/articles/kak-nauchit-rebenka-chistit-zuby-i-ukhazhivat-za-polostyu-rta/;Помните, что молочным зубам необходим тщательный уход , ведь от их состояния зависит как здоровье постоянных зубов , так и то, будет ли у ребенка опыт лечения зубов или стоматология для него останется в виде профилактических...
уход за зубами для детей;9;Как приучить ребенка чистить зубы: лучший возраст...;www.defectologiya.pro;https://www.defectologiya.pro/zhurnal/kak_priuchit_rebenka_chistit_zubyi_luchshij_vozrast,_etapyi_i_metodyi/;Прививая малышу полезные для жизни навыки, следует научить ребенка чистить зубы .
уход за зубами для детей;10;Как ухаживать за зубами ребенка?;smile32.ru;https://smile32.ru/blog/Kak-uhazhivat-za-zubami-rebenka/;Прививая правильные привычки ухода за зубами с раннего детства, вы дарите ребенку не только здоровую улыбку, но и уверенность в себе.
уход за зубами для детей;11;Как правильно чистить зубы детям | Nutrilak;nutrilak.com;https://nutrilak.com/article/uhod-za-zubami-malysha/;С какого возраста чистить зубы ребенку ? Уход за ротовой полостью малыша должен начинаться с момента прорезывания первого зуба .
уход за зубами для детей;12;Правила ухода за зубами для детей и особенности...;366.ru;https://366.ru/articles/pravila-ukhoda-za-zubami-dlja-detej-i-osobennosti-lechenija/;Ребенок , точно так же как взрослый, питается, пережевывает еду. Тот факт, что зубы у него – непостоянные, не меняет механизм отложения налета. В норме уход за детскими зубами начинается с трех-пяти месяцев...
уход за зубами для детей;13;Советы по уходу за полостью рта у детей: как правильно...;www.lesnoybalzam.ru;https://www.lesnoybalzam.ru/dentists_advice/detskij-uhod-za-polostyu-rta;Улыбка ребенка – то, что растопит любое сердце. И то, чему родители должны уделять пристальное внимание, ведь здоровье зубов и правильные привычки по уходу за ними формируются еще в детстве.
уход за зубами для детей;14;Как чистить зубы детям: с какого возраста, правила...;dentalroom.me;https://dentalroom.me/blog/kak-chistit-zuby-detjam-s-kakogo-vozrasta-pravila-i-tehnika-sovety-roditeljam/;С какого возраста начинают чистить зубы ребёнку Уход за полостью рта ребёнка до года Как чистить зубы ребёнку после года
уход за зубами для детей;15;Как ухаживать за детскими зубами: отвечает стоматолог...;synergetic.ru;https://synergetic.ru/blog/semya/kak-ukhazhivat-za-detskimi-zubami-otvechaet-stomatolo/;Забавные мультяшные персонажи помогают ребенку качественно почистить зубы , уничтожить всех «сахарных монстров» и отслеживают время чистки.
уход за зубами для детей;16;Как ухаживать за детскими зубками?;docdeti.ru;https://docdeti.ru/baza-znaniy/kak_ukhazhivat_za_detskimi_zubami/;2. Детям с 6 лет разрешено чистить зубы пастой, содержание фтора в которой составляет 1 500 ppm. ... Детский стоматолог объяснит все правила ухода за ротовой полостью и научит малыша правильно чистить зубы .
уход за зубами для детей;17;Как правильно можно чистить зубы детям и когда...;dentika.ru;https://dentika.ru/blog/kak-pravil-no-chistit-zuby-rebenku1/;Правила ухода за детской зубной щеткой. Зубные пасты для годовалых детей и грудничков. Техника чистки зубов с пастой. Ополаскиватели для самых маленьких.
уход за зубами для детей;18;Чистка зубов у детей: советы родителям и правильная...;xn--80acherqm4b.xn--p1ai;https://xn--80acherqm4b.xn--p1ai/blog/kak-pravilno-chistit-zuby-detyam/;Как научить ребенка чистить зубы . Что делать, если ребенок не хочет чистить зубы . Заключение. Красивая и здоровая улыбка ребенка формируется с первых дней жизни и напрямую зависит от правильного ухода за полостью рта.
уход за зубами для детей;19;Как ухаживать за зубами ребенка до 1 года - гигиена;AtribeauteKids.ru;https://AtribeauteKids.ru/articles/gigiena_zubov_v_perviy_god_zhizni_rebenka/;"Уход за полостью рта у детей правильно начинать ещё до прорезывания зубов : делайте массаж дёсен с помощью силиконовых напальчников или специальных салфеток с ксилитом (""BrushBaby"", ""Асепта"" и т. д..."
уход за зубами для детей;20;Уход за зубами ребёнка | Здоровье полости рта у детей;mamako.ru;https://mamako.ru/blog/7-12-mes/chto-nuzhno-znat-o-zdorove-zubov-ukhode-za-rotovoy-polostyu-malysha-i-vozmozhnykh-problemakh/;Уход за зубами должен стать для ребенка потребностью и привычкой.
уход за зубами картинки для детей;1;Более 3 000 работ на тему «Kids Brushing Teeth»...;www.istockphoto.com;https://www.istockphoto.com/ru/%D0%B8%D0%BB%D0%BB%D1%8E%D1%81%D1%82%D1%80%D0%B0%D1%86%D0%B8%D0%B8/kids-brushing-teeth;черно-белая векторная иллюстрация детской раскраски с изображением ребенка , чистящего зубы . - kids brushing teeth stock illustrations.
уход за зубами картинки для детей;2;Уход Зубами Детей: векторные изображения... | Freepik;ru.freepik.com;https://ru.freepik.com/vectors/%D1%83%D1%85%D0%BE%D0%B4-%D0%B7%D1%83%D0%B1%D0%B0%D0%BC%D0%B8-%D0%B4%D0%B5%D1%82%D0%B5%D0%B9;Вектор малыш чистит зубы . изучите правильную чистку зубов для детей , милая девушка в утренней гигиене в ванной комнате, уход за зубами с помощью зубной щетки и зубной пасты, шаг за шагом, вектор плоская инструкция плаката.
уход за зубами картинки для детей;3;Чистить Зубы Рисунок;ru.pinterest.com;https://ru.pinterest.com/ideas/%D1%87%D0%B8%D1%81%D1%82%D0%B8%D1%82%D1%8C-%D0%B7%D1%83%D0%B1%D1%8B-%D1%80%D0%B8%D1%81%D1%83%D0%BD%D0%BE%D0%BA/912074485386/;мать мальчик чистит зубы интерактивные PNG , чистить зубы клипарт, стирка, счастливый PNG картинки и пнг рисунок для бесплатной загрузки.
уход за зубами картинки для детей;4;Kids tooth paste, результатов — 7,7 тысячи: изображения...;www.shutterstock.com;https://www.shutterstock.com/ru/search/kids-tooth-paste;Вас ждут стоковые изображения на тему «Kids tooth paste» (7,7 тысячи) в HD и миллионы других стоковых фотографий , трехмерных объектов, иллюстраций и векторных изображений без лицензионных платежей в коллекции...
уход за зубами картинки для детей;5;Учим ребенка чистить зубы (наглядное пособие);UliSTOM.ru;https://UliSTOM.ru/uchim-rebenka-chistit-zuby-naglyadnoe-posobie/;Здоровью зубов вашего ребенка может угрожать кариес, даже если ему всего 2 года. Причиной может стать нерациональное питание, неправильный или отсутствующий уход за полостью рта ребенка .
уход за зубами картинки для детей;6;Как правильно чистить зубы обучающий плакат 45х61см...;www.WildBerries.ru;https://www.WildBerries.ru/catalog/19372413/detail.aspx;Медицинский плакат для развития детей о том как правильно нужно чистить зубы . Наглядный, удобный яркий плакат о правильной чистке зубов .
уход за зубами картинки для детей;7;Раскраска Ухаживать за зубами распечатать;2karandasha.ru;https://2karandasha.ru/raskraski/dlya-detey/zuby/28515-uhajivat-za-zubami.html;Распечатайте раскраску Ухаживать за зубами бесплатно во весь лист А4. Еще больше картинок с зубами , зубными щетками и стоматологам в разделе «раскраски Зубы ». ... пример раскраски зубная паста детская .
уход за зубами картинки для детей;8;"презентация ""как ухаживать за зубами"". | Презентация...";nsportal.ru;https://nsportal.ru/nachalnaya-shkola/zdorovyy-obraz-zhizni/2023/01/09/prezentatsiya-kak-uhazhivat-za-zubami;Правила ухода за зубами . СОДЕРЖАНИЕ В ЧИСТОТЕ: Чистить зубы 2 раза в сутки. Щетку после использования тщательно промыть и просушить.
уход за зубами картинки для детей;9;КАК ПРАВИЛЬНО Чистить зубы Покажите своему...;cmphmao.ru;https://cmphmao.ru/sites/default/files/pdf_files/%D0%9A%D0%B0%D0%BA%20%D0%BF%D1%80%D0%B0%D0%B2%D0%B8%D0%BB%D1%8C%D0%BD%D0%BE%20%D1%87%D0%B8%D1%81%D1%82%D0%B8%D1%82%D1%8C%20%D0%B7%D1%83%D0%B1%D1%8B.%20%D0%9B%D0%B8%D1%81%D1%82%D0%BE%D0%B2%D0%BA%D0%B0_0.pdf;Покажите своему ребёнку и попробуйте почистить зубы вместе. 1. Необходимо чистить внутренние поверхности каждого зуба . движения зубной щётки. снизу вверх.
уход за зубами картинки для детей;10;День стоматолога. Передвижка «Здоровье детских зубов».;www.maam.ru;https://www.maam.ru/novosti/26-iyunja-den-rozhdenija-zubnoi-schetki-peredvizhka-zdorove-detskih-zubov.html;— уход за зубами после еды – применение специальных ополаскивателей, зубных нитей и жевательный резинок. — посещение стоматолога. Ежедневный тщательный уход за молочными зубами — это залог здоровой улыбки.
уход за зубами картинки для детей;11;"Набор раскрасок для школьников ""Чистим зубки""";infourok.ru;https://infourok.ru/magazin-materialov/nabor-raskrasok-dlya-shkolnikov-chistim-zubki-1023647;Раскраска «Чистим зубки » – это целый мир творчества для детей . Скачивайте и печатайте её с коллекцией Инфоурок, где каждая картинка дарит новые идеи и вдохновение.
уход за зубами картинки для детей;12;чистить зубы мультик векторные изображения, графика...;ru.123rf.com;https://ru.123rf.com/%D0%92%D0%B5%D0%BA%D1%82%D0%BE%D1%80%D1%8B/%D1%87%D0%B8%D1%81%D1%82%D0%B8%D1%82%D1%8C_%D0%B7%D1%83%D0%B1%D1%8B_%D0%BC%D1%83%D0%BB%D1%8C%D1%82%D0%B8%D0%BA.html;Скачать векторные графика чистить зубы мультик. Выберите из миллионов векторные графика, изображения , клипартов и иллюстрации. купить сейчас. ... Чистить Зубы Мультик Набор Векторов и Иллюстраций. Страница.
уход за зубами картинки для детей;13;уход за зубами детей PNG и картинки пнг | рисунок...;ru.pngtree.com;https://ru.pngtree.com/so/%D1%83%D1%85%D0%BE%D0%B4-%D0%B7%D0%B0-%D0%B7%D1%83%D0%B1%D0%B0%D0%BC%D0%B8-%D0%B4%D0%B5%D1%82%D0%B5%D0%B9;Выберите из 50+ уход за зубами детей пнг рисунок и скачайте в формате PNG, EPS, AI или PSD. ... Очаровательный ребенок держит иллюстрацию большого зуба .
уход за зубами картинки для детей;14;Как правильно чистить зубы ребенку: пошаговая...;www.kp.ru;https://www.kp.ru/family/deti/kak-pravilno-chistit-zuby-rebenku/;Дети . Советы по воспитанию детей . Как правильно чистить зубы ребенку . Гигиена полости рта — крайне важна. Даже (особенно!) в детском возрасте. Ведь именно тогда закладывается культура ухода за собой.
уход за зубами картинки для детей;15;Учим деток чистить зубы #уход_за_зубами...;vk.com;https://vk.com/wall-162044382_55210;# уход _ за _ зубами #чистим_ зубы #шаблон #подборка@doshkoll.
уход за зубами картинки для детей;16;Плакат обучающий А2 ламинир. Как правильно чистить...;www.OZON.ru;https://www.OZON.ru/product/plakat-obuchayushchiy-a2-laminir-kak-pravilno-chistit-zuby-457x610-mm-340818741/;Медицинский плакат для развития детей о том как правильно нужно чистить зубы . Наглядный, удобный яркий плакат о правильной чистке зубов .
уход за зубами картинки для детей;17;малыш чистит зубы изображение_6000+ Графика...;ru.lovepik.com;https://ru.lovepik.com/images/png-kid-brushing-teeth.html;ru.lovepik.com Классификация изображений Графика,Вы нашли 6000+ малыш чистит зубы фото.Тип изображения PRF, загрузка в формате HD, поддержка для коммерческого использования.
уход за зубами картинки для детей;18;19,000+ Иллюстрация дети чистят зубы | Мультфильм...;ru.pikbest.com;https://ru.pikbest.com/free-illustration/%D0%B4%D0%B5%D1%82%D0%B8-%D1%87%D0%B8%D1%81%D1%82%D1%8F%D1%82-%D0%B7%D1%83%D0%B1%D1%8B.html;Вы ищете дети чистят зубы иллюстраций? Pikbest нашел 19184 великолепных дети чистят зубы лицензионных PSD,PNG и векторных изображений . Скачать бесплатную иллюстрацию бесплатно для коммерческого...
уход за зубами картинки для детей;19;Тематический комплект чистим зубы скачать и распечатать;shop.amelica.com;https://shop.amelica.com/for-kids/%D1%82%D0%B5%D0%BC%D0%B0%D1%82%D0%B8%D1%87%D0%B5%D1%81%D0%BA%D0%B8%D0%B9-%D0%BA%D0%BE%D0%BC%D0%BF%D0%BB%D0%B5%D0%BA%D1%82-%D1%87%D0%B8%D1%81%D1%82%D0%B8%D0%BC-%D0%B7%D1%83%D0%B1%D0%BA%D0%B8;Тематический комплект «Чистим зубки — гигиена зубов для детей » игры и развивающий материал скачать для печати. В наборе 127 листов А4. Автор комплекта ©Светлана Шапошникова.
уход за зубами картинки для детей;20;Игра на подбор цветов «Зубная щетка» – распечатать PDF;wunderkiddy.com;https://wunderkiddy.com/ru/activity/toothbrush;Дидактическая игра для развития детей 2-4 лет «Зубная щетка» потренирует мелкую моторику, мышление и логику. Распечатать развивающую игру можно на сайте в PDF.
уход за зубами презентация для начальной школы;1;"презентация ""как ухаживать за зубами"". | Презентация...";nsportal.ru;https://nsportal.ru/nachalnaya-shkola/zdorovyy-obraz-zhizni/2023/01/09/prezentatsiya-kak-uhazhivat-za-zubami;В презентации дается подробное описание правил ухода за зубами . Материал предназначен для дошкольников и учащихся начальной школы .
уход за зубами презентация для начальной школы;2;"Презентация по окружающему миру ""Как правильно...""";infourok.ru;https://infourok.ru/prezentaciya-po-okruzhayuschemu-miru-kak-pravilno-uhazhivat-za-zubami-1027460.html;"Зубы белые нужны, Зубы белые важны! Описание презентации по отдельным слайдам. Презентация по окружающему миру ""Как правильно ухаживать за зубами "". Начальные классы Презентации ."
уход за зубами презентация для начальной школы;3;"Презентация для начальных классов по теме ""Уход за...""";videouroki.net;https://videouroki.net/razrabotki/prezentatsiya-dlya-nachalnykh-klassov-po-teme-ukhod-za-zubami.html;Правила ухода за зубами . Презентацию подготовила. учитель начальных классов МБОУ сош№40. г.Симферополя Республики Крым.
уход за зубами презентация для начальной школы;4;«Здоровые зубы-зеркало здоровья» Заведующая отделом...;www.krascmp.ru;https://www.krascmp.ru/wp-content/uploads/2023/06/Zdorovye-zuby-zerkalo-zdorovya-mladshaya-shkola.pptx;Правила ухода за зубами . Ежедневно необходимо завершать чистку зубов специальным ополаскивателем, желательно травяным. Как правильно чистить зубы ?
уход за зубами презентация для начальной школы;5;Материал для игры «Сортировка» по теме «Зубы и уход...;xn--j1ahfl.xn--p1ai;https://xn--j1ahfl.xn--p1ai/library/material_dlya_igri_sortirovka_po_teme_zubi_i_uho_141248.html;Презентация для педагога дополнительного образования, учителя начальных классов , учителя-предметника, студента-практиканта, методиста, воспитателя для 1 класса. ... Фотоотчёт проекта « Уход за зубами ».
уход за зубами презентация для начальной школы;6;Зубы и уход за зубами. Презентация для детей.;www.youtube.com;https://www.youtube.com/watch?v=AT2Q35JSEQ8;Как правильно чистить зубы и ухаживать за зубами должен знать каждый школьник. Давайте вместе посмотрим небольшую, но полезную презентацию для младшего школь...
уход за зубами презентация для начальной школы;7;Презентация PowerPoint;gym1507uz.mskobr.ru;https://gym1507uz.mskobr.ru/attach_files/gigienyi-dlya-nachalnaya-shkola.pdf;Гигиена зубов и полости рта. Чистить зубы нужно 2 раза в день. От состояния жилища человека зависит самое его здоровье! Памятка по предупреждению инфицирования ковид-19 для школьников .
уход за зубами презентация для начальной школы;8;Презентация «Здоровые зубы - каждому любы»;www.art-talant.org;https://www.art-talant.org/publikacii/19504-prezentaciya-zdorovye-zuby-kaghdomu-lyuby;Она в увлекательной форме объясняет детям основы гигиены полости рта, важность профилактики и регулярного ухода . Красочные слайды и доступные тексты помогают закрепить полезные привычки.
уход за зубами презентация для начальной школы;9;"Презентация к уроку по предмету ""Человек"" на тему...";multiurok.ru;https://multiurok.ru/files/prezentatsiia-k-uroku-po-predmetu-chelovek-na-temu.html;Артецкая Анна Викторовна. Учитель начальных классов . 31 год. рейтинг 1 500 место 45 262. ... Категория: Начальные классы .
уход за зубами презентация для начальной школы;10;"Занятие по ЗОЖ ""Зубы. Уход за зубами"". 1-й класс";urok.1sept.ru;https://urok.1sept.ru/publication/134405;"Уход за зубами "". 1-й класс . Лауреат конкурса « Презентация к уроку 2012/2013». ... Скачать презентацию (21.04 МБ). Цели: 1. Познакомить учащихся со строением зубов . 2. Научить детей правильно ухаживать за полостью рта."
уход за зубами презентация для начальной школы;11;Презентация по предмету человек и мир: «Правила...»;kopilkaurokov.ru;https://kopilkaurokov.ru/nachalniyeKlassi/presentacii/priezientatsiia-po-priedmietu-chieloviek-i-mir-pravila-lichnoi-ghighiieny-ukhod-za-zubami-noghtiami-i-volosami-kak-ukhazhivat-za-odiezhdoi-i-obuv-iu;Начальные классы . Презентации . Презентация по предмету человек и мир: «Правила личной гигиены. Уход за зубами , ногтями и волосами. Как ухаживать за одеждой и обувью».
уход за зубами презентация для начальной школы;12;Презентация к уроку на тему «Гигиена полости рта»;www.s-vfu.ru;https://www.s-vfu.ru/universitet/rukovodstvo-i-struktura/vspomogatelnye-podrazdeleniya/nauchnaya-biblioteka/gigiena_polosti_rta%20(2).pdf;Правила ухода за зубами . 1) Тщательная и регулярная гигиена зубов – как раз тот случай, когда одна полезная привычка спасает целое состояние.
уход за зубами презентация для начальной школы;13;Презентация №11 по теме “Почему нужно мыть руки...”;uchi.ru;https://uchi.ru/podgotovka-k-uroku/environment/1-klass/quarter-556_4-chetvert/lesson-15640_predmety-lichnoy-gigieny-zakalivanie-organizma-solntsem-vozdukhom-vodoy-usloviya-i-pravila-zakalivaniya/presentation-52313;Материалы начальной школы . 1 класс . ... Презентация №11 для 1 класса . Предпросмотр материала Почему нужно мыть руки и чистить зубы ?
уход за зубами презентация для начальной школы;14;Презентация для детей «Зубки и их друзья». - Маам.ру;www.maam.ru;https://www.maam.ru/detskijsad/prezentacija-dlja-detei-zubki-i-ih-druzja.html;"Школа . 1-4 класс . ... Она создает мотивацию для ежедневного ""общения с зубной щеткой и ее подружкой"" зубной пастой, учит основным принципам ухода за зубами . Расскажет какие продукты приносят пользу а какой наносят вред зубкам."
уход за зубами презентация для начальной школы;15;"«Гигиена. Сказка «В стране Белозубье» и Викторина""Наши...";xn--80aakcbevmvw9p.xn--p1ai;https://xn--80aakcbevmvw9p.xn--p1ai/edu-09-2023-pb-34559/;"Наименование конкурсной работы: «Гигиена. Сказка «В стране Белозубье» и Викторина""Наши зубки» - презентации . Итоговая оценка: 1 место, 90 баллов(-а). Диплом Всероссийского конкурса, бланк: ЕН №34559."
уход за зубами презентация для начальной школы;16;Конспект урока по окружающему миру с элементами...;ped-kopilka.ru;https://ped-kopilka.ru/blogs/olesja-vladimirovna-maslova/konspekt-uroka-po-okruzhayuschemu-miru.html;Воспитателям. Учителям-предметникам. Начальная школа . Родителям. ... Презентация на тему: Почему нужно чистить зубы и мыть руки?
уход за зубами презентация для начальной школы;17;"Презентация к уроку ""Личная гигиена. Уход за зубами""";intolimp.org;https://intolimp.org/publication/priezientatsiia-k-uroku-lichnaia-ghighiiena-ukhod-za-zubami.html;"Презентация "" Уход за зубами "" составлена к уроку Основы социальной жизни для 5 класса для обучающихся с ОВЗ."
уход за зубами презентация для начальной школы;18;Зубы и уход за зубами. Презентация для детей.;rutube.ru;https://rutube.ru/video/9ccc7b8a703e1256902562374f122be7/;Как правильно чистить зубы и ухаживать за зубами должен знать каждый школьник. Давайте вместе посмотрим небольшую, но полезную презентацию для младшего школьного и дошкольного возраста.
уход за зубами презентация для начальной школы;19;"Урок 54. ""Почему нужно чистить зубы и мыть руки?...""";easyen.ru;https://easyen.ru/load/okruzhajushhij_mir/1_klass/urok_54_pochemu_nuzhno_chistit_zuby_i_myt_ruki/236-1-0-55858;НАЧАЛЬНАЯ ШКОЛА . ... Задачи: Познакомить детей с правилами личной гигиены, научить правильно чистить зубы и мыть руки. Формировать умение сравнивать, анализировать, обобщать.
уход за зубами презентация для начальной школы;20;Презентация Гигиена зубов и полости рта Кабелькова...;solncesvet.ru;https://solncesvet.ru/opublikovannyie-materialyi/prezentaciya-gigiena-zubov-i-polosti-rta.7798930/;Яркая и информативная презентация , созданная совместно ученицей третьего класса и педагогом школы -интерната для глухих детей, актуальна для формирования привычек гигиены полости рта.
уход за полостью рта для детей;1;Гигиена полости рта у детей от 0 до 3 лет – статьи...;doctorslon.ru;https://doctorslon.ru/company/articles/gigiena-polosti-rta-u-detey-ot-0-do-3-let/;Правила по уходу за полостью рта до 3 лет Детский рюкзачок — для самой правильной гигиены Советы детского стоматолога: видео
уход за полостью рта для детей;2;Как мне ухаживать за зубами моего ребенка?;shop.curaprox.ru;https://shop.curaprox.ru/articles/zubnaya-pasta/kak-mne-ukhazhivat-za-zubami-moego-rebenka/;Здоровье полости рта с рождения. Когда я должен начинать чистить рот моего ребенка ? Бактерии, которые питаются лактозой, содержащейся в грудном молоке или детском питании, накапливаются во рту вашего ребёнка с первого...
уход за полостью рта для детей;3;Как правильно чистить зубы ребенку: руководство для...;www.Detmir.ru;https://www.Detmir.ru/page/blog-kak-pravilno-chistit-zuby-u-detej/;Зачем ухаживать за деснами и зубами с рождения Как ухаживать за полостью рта до появления зубов Как выбрать первую зубную щетку для ребенка
уход за полостью рта для детей;4;Детский стоматолог: как правильно заботиться о зубах...;stolichki.ru;https://stolichki.ru/clubs/mother/health/17-voprosov-detskomu-stomatologu-uznayte-kak-pravilno-zabotitsya-o-zubah-detey;Важно начинать гигиенические процедуры полости рта как можно раньше. Так ребенок привыкнет к регулярному уходу за зубами и в будущем сам перенимет эту полезную привычку.
уход за полостью рта для детей;5;Советы по уходу за полостью рта у детей: как правильно...;www.lesnoybalzam.ru;https://www.lesnoybalzam.ru/dentists_advice/detskij-uhod-za-polostyu-rta;Тщательный уход – главный способ профилактики стоматологических проблем у детей . Рассмотрим базовые меры поддержания здоровья полости рта ребенка и особенности гигиены в детском возрасте: 1. С рождения для ухода за ...
уход за полостью рта для детей;6;Как правильно чистить зубы детям? Когда начинать...;apteka.ru;https://apteka.ru/blog/articles/zdorovyy-rebenok/65376554ad6909832044d235/;Главное отличие гигиены полости рта у ребёнка связано с тем, что детские зубки имеют более рыхлую структуру. Поэтому очень важно с самого их прорезывания правильно проводить гигиенические мероприятия полости рта .
уход за полостью рта для детей;7;Как научить ребенка чистить зубы – правильная техника...;www.dentalfantasy.ru;https://www.dentalfantasy.ru/articles/kak-nauchit-rebenka-chistit-zuby-i-ukhazhivat-za-polostyu-rta/;Узнайте, как научить ребенка правильно чистить зубы: когда начинать, какую щетку и пасту выбрать, как объяснить и показать технику чистки. Советы от детских стоматологов «Дентал Фэнтези» в Москве.
уход за полостью рта для детей;8;Как ухаживать за детскими зубами: советы стоматологов...;www.Eldorado.ru;https://www.Eldorado.ru/blog/publications/stomatologi-rasskazali-kak-ukhazhivat-za-detskimi-zubami-13549;Начинать ухаживать за полостью рта малыша необходимо ещё до появления первых зубов. С 3-4 месяцев ребёнку нужно аккуратно протирать дёсны и язычок, чтобы убрать вредный налёт и бактерии.
уход за полостью рта для детей;9;Уход за зубами ребёнка | Здоровье полости рта у детей;mamako.ru;https://mamako.ru/blog/7-12-mes/chto-nuzhno-znat-o-zdorove-zubov-ukhode-za-rotovoy-polostyu-malysha-i-vozmozhnykh-problemakh/;Уход за зубами должен стать для ребенка потребностью и привычкой. Помогайте ему в этом. Обучайте навыкам гигиены полости рта , ежедневно чистите зубы малышу и включите в его рацион как можно больше полезных для...
уход за полостью рта для детей;10;Как чистить зубы детям: с какого возраста, правила...;dentalroom.me;https://dentalroom.me/blog/kak-chistit-zuby-detjam-s-kakogo-vozrasta-pravila-i-tehnika-sovety-roditeljam/;Зачем детям нужна гигиена полости рта Уход за полостью рта ребёнка до года Средства гигиены полости рта для детей
уход за полостью рта для детей;11;Гигиена полости рта у дошкольников: важные советы...;stomatologiya.lecardo.ru;https://stomatologiya.lecardo.ru/articles/gigiena-polosti-rta-u-doshkolnikov-chto-dolzhen-znat-kazhdyj-roditel/;Поэтому важно начинать уход за полостью рта с самых первых лет жизни ребенка . ... Гигиена полости рта у дошкольников: Правила чистки зубов для детей 2–6 лет.
уход за полостью рта для детей;12;Рекомендации по гигиене полости рта для детей от 0 до...;mosgorzdrav.ru;https://mosgorzdrav.ru/ru-RU/health/default/card/100.html;осмотр детей для ранней диагностики аномалий и патологий зубочелюстной рекомендации по правилам чистки зубов. подбор средств гигиены полости рта .
уход за полостью рта для детей;13;Рекомендации по гигиене полости рта для детей;dgp91.mos.ru;https://dgp91.mos.ru/lechenie/rekomendatsii-po-gigiene-polosti-rta-dlya-detey/;Чистка зубов: Процедура по уходу за полостью рта должна быть регулярной и осуществляться утром после завтрака и вечером перед сном.
уход за полостью рта для детей;14;Полезные советы от стоматолога, как привить ребенку...;MedAboutMe.ru;https://MedAboutMe.ru/articles/kak_privit_rebenku_lyubov_k_domashney_gigiene_zubov_sovety_i_layfkhaki/;С какого возраста начинать чистить ребенку зубы. Начинать уход за полостью рта нужно с первого зуба ребенка . Для этого не подойдет силиконовый напальчник,потому что он не обладает очищающими свойствами.
уход за полостью рта для детей;15;Правильный уход за полостью рта у детей | Аптека Ригла;www.rigla.ru;https://www.rigla.ru/about/news/2024/ukhod_za_polostyu_rta_u_detey;Зубная паста осуществляет профилактику кариеса, способствует укреплению эмали, обеспечивает комплексный уход за полостью рта , освежает дыхание. Разработана с учетом возрастных особенностей ребенка ...
уход за полостью рта для детей;16;Как правильно чистить зубы ребенку: пошаговая...;www.kp.ru;https://www.kp.ru/family/deti/kak-pravilno-chistit-zuby-rebenku/;Советы по воспитанию детей . Как правильно чистить зубы ребенку . Гигиена полости рта — крайне важна. Даже (особенно!) в детском возрасте. Ведь именно тогда закладывается культура ухода за собой.
уход за полостью рта для детей;17;Как ухаживать за зубами ребенка?;smile32.ru;https://smile32.ru/blog/Kak-uhazhivat-za-zubami-rebenka/;Правильный уход за полостью рта ребенка с самого раннего возраста помогает предотвратить кариес, формирует полезные привычки и обеспечивает здоровую улыбку на всю жизнь.
уход за полостью рта для детей;18;Гигиена полости рта ребенка — руководство для...;www.StartSmile.ru;https://www.StartSmile.ru/detskaya-stomatologiya/gigiena-polosti-rta-u-detey/;Гигиена полости рта ребенка — профессиональная и индивидуальная. Особенности проведения. Обучение чистке зубов. Средства гигиена для детей .
уход за полостью рта для детей;19;Когда начинать чистить зубы малышу и как правильно это...;www.NestleBaby.ru;https://www.NestleBaby.ru/articles/kak-chistit-zuby-rebenku-do-goda;Чистить зубы малышу необходимо как минимум с момента появления первого зуба. Некоторые специалисты рекомендуют начинать уход за полостью рта с самого рождения для удаления остатков молока и/или твердой пищи...
уход за полостью рта для детей;20;Все о гигиене полости рта малышей: как ухаживать за...;boobl-goom.ru;https://boobl-goom.ru/about/articles/vse-o-gigiene-polosti-rta-malyshey-ot-pervogo-zuba-do-vstrechi-s-zubnoy-feey/;Как правильно чистить зубы детям . Полезные статьи от интернет-магазина детских товаров Бубль-Гум.
уход за полостью рта после удаления зуба в первый день;1;Восстановите все зубы сразу за 1 день в Москве;yabs.yandex.ru;https://yabs.yandex.ru/count/WpuejI_zOoVX2LaS18KP0ADigRxMCW_Hz0JCFW6kDqn0RofHeiCG0My517GRAhuvHYyF7qiCsDfGySsLjOJ42HgWXJwVovqzs-_S-QwldQ_VyNh37UvpQlFCEFhXgL9_U81a_3Xp43OA43dkV4v1E560i1OP5UN8OJsweVHZvyYbDXGAnP_GA5IQsz3yQKkXENBWqEZpwPGwfL8e_hnnvnGgjNDKXNwgL1yGJXGWRXfAFqRNe1yX6abKeX-yo6XeYFeJT1I4GmXfIOd8I2cffWencUo0APiie7WrDVcYL3OZIUJW6CIWuyY1UAe0BGTYgGAq78YZ2j1o8DvHW9O3SRO0BGTY7GLeEH135Q3b82eovskY3qO4JWaYuPmkBLx2fUv3s7_mUWzS5Zq-jLAD4QH1D4Pu6iaGgW6bWMEfXjvEwFsCEl6eyyQbqVoEudPztr4yTzfEPnHwtrAfpOE33TfYnOoBMeyzinkl7n8s6vgpKRYkRlODsHbUWupp-OP9jzbz8E06iD_0zJxAMok5KxgK-0ZJQjYRIdo4QJLilG1SccqR3iC7qcf82E2B0x5K05i7jDel9gCiVK06l_I265hOca1Y1Mm2G2qg2plei0hbcojW2upahXXoKzV1J3fsZn7x6Dt3c36yU092Fcj6mdIDfEHNy9uL63RrbdgJkzIRk_-D7Ho9-s5wKQ_wO07C_lwNHk_AzzBeNVdS3Lci_kx27FUr4-XeFpk1ZiOq6_bWberyCCVCfRUf9KeLuJBBp6P1TBBhkgxJPZg93weTT2DDZmU80lxI-m1Hm5zw6yANVn0jdEx97mniJjAFQGzE8ApLD-U_lad7aIHMValhEbEJZYD9hBpM_-anwIZpMHyrnUi-IXeS5ZCKhok8HpGpLogLIg4X9mpj78lXuoW_5aQhZHGzJW84BVo06Vmxc8J5RE4k4alzX5fkTrzi2iaFgLqoqH050XqqsoaW2VLUcDXvMzTCyEhOJHSP9peCcstJFP3oXJ8QjxJueYPhphZTAZhp9fjsbrTW9urfJmcc6QqjXlIsKXRIFsXqJAZ-EJMHZJ3cH64Uckd9mTafHsK6kNwQt0wyI4OCJ5zOEUoLJ000~2?etext=2202.--jf_NXAttppbJzpyymlJS90MxAkN3YhZXMu872tFH4XbxT3yzv6c4sttJ4XSDBr7Rjahw6Ae5cuzdm7xVor9ydhEyV1aXjPjThUt9yGPB5_1jmQoVoV3ymsdVc_sTNUL3QARLCRA95-zpRZe-JaFmd1b2FveG5qd3ljZHlwZ2s.f99a2bfd054acafa5af1405897187514d60a0cf0&from=yandex.ru%3Bsearch%3Bweb%3B%3B0%3B&q=%D1%83%D1%85%D0%BE%D0%B4+%D0%B7%D0%B0+%D0%BF%D0%BE%D0%BB%D0%BE%D1%81%D1%82%D1%8C%D1%8E+%D1%80%D1%82%D0%B0+%D0%BF%D0%BE%D1%81%D0%BB%D0%B5+%D1%83%D0%B4%D0%B0%D0%BB%D0%B5%D0%BD%D0%B8%D1%8F+%D0%B7%D1%83%D0%B1%D0%B0+%D0%B2+%D0%BF%D0%B5%D1%80%D0%B2%D1%8B%D0%B9+%D0%B4%D0%B5%D0%BD%D1%8C;Усиленный протез челюсти. Онлайн-консультация. Проживание на время лечения — 0 ₽!
уход за полостью рта после удаления зуба в первый день;2;Рекомендации для быстрого заживления после удаления...;paloma-blanca.ru;https://paloma-blanca.ru/service/khirurgicheskaya-stomatologiya/posle-udaleniya-zuba/;Правильная гигиена полости рта после удаления зуба — важное условие быстрого и беспроблемного заживления ранки. В первые сутки для удаления остатков пищи и уничтожения бактерий 3 раза в день нужно проводить теплые...
уход за полостью рта после удаления зуба в первый день;3;После удаления зуба - полный гид по заживлению от...;www.denta-sar.ru;https://www.denta-sar.ru/chto-delat-posle-udaleniya-zuba-instrukcziya-kotoraya-spaset-ot-oslozhnenij/;Что делать после удаления зуба : инструкция, которая спасет от осложнений. ... Критически важные первые 24 часа: инструкция по минутам. Уход за полостью рта в первую неделю (со 2 по 7 день ).
уход за полостью рта после удаления зуба в первый день;4;Что можно и нельзя делать после удаления зуба: советы...;www.kp.ru;https://www.kp.ru/doctor/bolezni/chto-mozhno-i-nelzya-delat-posle-udaleniya-zuba/;В первый день после удаления зуба нельзя активно и энергично полоскать рот во время чистки. Это может помешать свертыванию крови или сместить кровяной сгусток из лунки3.
уход за полостью рта после удаления зуба в первый день;5;Гигиена полости рта после удаления зуба – статьи...;doctorslon.ru;https://doctorslon.ru/company/articles/gigiena-polosti-rta-posle-udaleniya-zuba/;Почему после удаления зуба особенно важна гигиена. Когда можно чистить зубы в первый раз? Как чистить зубы после удаления зуба и какие средства использовать. Чем полоскать рот и надо ли это делать?
уход за полостью рта после удаления зуба в первый день;6;Питание и гигиена после удаления зубов;vitadent-omsk.ru;https://vitadent-omsk.ru/rekomendatsii/posle-udaleniya-zubov/;Курение в первые 2-3 дня после удаления зуба неблагоприятно сказывается на состоянии раны.
уход за полостью рта после удаления зуба в первый день;7;Рекомендации после удаления зуба – что нельзя делать...;msk.1digitalclinic.ru;https://msk.1digitalclinic.ru/about/articles/rekomendatsii-posle-udaleniya-zuba/;Что делать в первые часы после удаления зуба ? ... Чем полоскать рот после удаления зуба ? Делать ротовые ванночки с лекарственными средствами, включая травяные настои и соду, разрешается только по рекомендации врача.
уход за полостью рта после удаления зуба в первый день;8;Рекомендации после удаления зуба для быстрого...;prezi-dent.ru;https://prezi-dent.ru/zhurnal/stati/rekomendacii-posle-udaleniya-zubov;Как ухаживать за полостью рта после удаления зуба ? После удаления стоит воздержаться от приема пищи на 2 часа, потом можно аккуратно есть мягкую пищу, стараясь жевать на другой стороне.
уход за полостью рта после удаления зуба в первый день;9;Рекомендации после удаления зубов: питание, уход...;greenstom.spb.ru;https://greenstom.spb.ru/blog/after-tooth-extraction;Уход за полостью рта после удаления зуба . Гигиена рта остаётся обязательной, но требует деликатного подхода. Рекомендации: В день удаления зубы не чистят, чтобы не нарушить сгусток.
уход за полостью рта после удаления зуба в первый день;10;Что можно и нельзя после удаления зуба: рекомендации...;uteka.ru;https://uteka.ru/articles/sovety/posle-udaleniya-zuba-/;Рекомендации после удаления зуба . Через сколько можно есть и пить? ... удаление зуба (2). Проведение операции ротовой полости не дает возможности соблюдать надлежащую гигиену полости рта во время выздоровления.
уход за полостью рта после удаления зуба в первый день;11;Что делать после удаления зуба: советы стоматолога на...;drzdental.ru;https://drzdental.ru/blog/poleznoe/pervye-24-chasa-posle-udalenija-zuba-rekomendacii-stomatologa/;Как ухаживать за полостью рта после удаления зуба ? Что можно и нельзя делать в первые сутки? Рекомендации стоматологов клиники Dr. Z.
уход за полостью рта после удаления зуба в первый день;12;Можно ли чистить зубы после удаления зуба – как...;belgraviadent.ru;https://belgraviadent.ru/articles/mozhno-li-chistit-zuby-posle-udaleniya-zuba/;После удаления зуба крайне важен правильный уход за полостью рта . ... Как правильно чистить зубы в первые дни после удаления . Для быстрого, безопасного заживления лунки критически важно соблюдать правила гигиены.
уход за полостью рта после удаления зуба в первый день;13;Что делать после удаления зуба – чем и как полоскать...;legstom.ru;https://legstom.ru/zhurnal/chto-delat-posle-udaleniya-zuba/;Чем полоскать рот после удаления зуба ? В первые 2–3 дня полоскание запрещено.
уход за полостью рта после удаления зуба в первый день;14;Восстановление после удаления зуба - этапы...;dinastiya-dent.ru;https://dinastiya-dent.ru/blog/protezirovanie/vosstanovlenie-posle-udaleniya-zuba/;Этапы заживления после удаления зуба Рекомендации по уходу после удаления зуба Мини-план на первые 5 дней (шпаргалка)
уход за полостью рта после удаления зуба в первый день;15;Чем полоскать рот после удаления зуба: простая...;wl-clinic.ru;https://wl-clinic.ru/patients/chem-poloskat-rot-posle-udaleniya-zuba/;Что можно и чего нельзя полоскать после удаления зуба : когда начинать, солевой раствор, хлоргексидин, частые ошибки и риски. Пошаговый план на 7 дней и советы WL‑Clinic.
уход за полостью рта после удаления зуба в первый день;16;Рекомендации после удаления зуба — что нельзя делать...;www.StartSmile.ru;https://www.StartSmile.ru/khirurgicheskaya-stomatologiya/rekomendatsii-posle-udaleniya-zuba.html;Что делать после удаления зуба : в день операции от чистки зубов , возможно, придется воздержаться. Но впоследствии пренебрегать гигиеной нельзя. Регулярное и тщательное очищение необходимо.
уход за полостью рта после удаления зуба в первый день;17;Правила ухода за полостью рта после лечения;albakaluga.ru;https://albakaluga.ru/interesnye-stati/pravila-ukhoda-za-polostyu-rta-posle-udaleniya-zuba;Чистить зубы после удаления зуба мудрости нужно также, как и в случае, когда удален обычный зуб . Возвращение к повседневному режиму происходит постепенно, не ранее 4-го дня . Правила гигиены полости рта после удаления .
уход за полостью рта после удаления зуба в первый день;18;Что делать после удаления зуба: как ухаживать и когда...;MedAboutMe.ru;https://MedAboutMe.ru/articles/chto_delat_posle_udaleniya_zuba/;После удаления зуба нельзя чистить зубы в течение первых суток. ... В течение первых трёх дней запрещено полоскать рот даже обычной водой и применять ирригатор — он может вымыть или разрушить сгусток крови.
уход за полостью рта после удаления зуба в первый день;19;Рекомендации после удаления зуба - что можно и чего...;doctortut.by;https://doctortut.by/article/rekomendatsii-posle-udaleniya-zuba/;В первые дни после удаления зуба предпочтение следует отдавать мягкой, легко усваиваемой пище. Идеальным выбором станут протертые супы-пюре, которые не требуют интенсивного пережевывания. Можно включить в рацион...
уход за полостью рта после удаления зуба в первый день;20;Рекомендации после удаления зубов от стоматологии...;stomdom.com;https://stomdom.com/blog/rekomendaczii-posle-udaleniya/;Уход за полостью рта . Гигиена зубов после удаления остаётся важной задачей, но требует осторожности. Чистите зубы мягкой щеткой, стараясь не задевать зону раны. Через сутки после операции можно аккуратно полоскать рот ...
уход за полостью рта после удаления зуба в первый день;21;Что делать после удаления зуба: рекомендации, когда...;24stoma.ru;https://24stoma.ru/chto-delat-posle-udaleniya-zuba.html;Курить после удаления зуба не желательно в течение как минимум 3-х часов, но лучше по возможности вообще воздержаться от курения в первые 1 -2 дня . ... За полостью рта необходим тщательный уход после удаления зуба .
уход за полостью рта после удаления зуба в первый день;22;Восстановите все зубы сразу за 1 день в Москве;yabs.yandex.ru;https://yabs.yandex.ru/count/WpuejI_zOoVX2LaS18KP0ADigRxMCW_Hz0JCFW6kDqn0RofHeiCG0My517GRAhuvHYyF7qiCsDfGySsLjOJ42HgWXJwVovqzs-_S-QwldQ_VyNh37UvpQlFCEFhXgL9_U81a_3Xp43OA43dkV4v1E560i1OP5UN8OJsweVHZvyYbDXGAnP_GA5IQsz3yQKkXENBWqEZpwPGwfL8e_hnnvnGgjNDKXNwgL1yGJXGWRXfAFqRNe1yX6abKeX-yo6XeYFeJT1I4GmXfIOd8I2cffWencUo0APiie7WrDVcYL3OZIUJW6CIWuyY1UAe0BGTYgGAq78YZ2j1o8DvHW9O3SRO0BGTY7GLeEH135Q3b82eovskY3qO4JWaYuPmkBLx2fUv3s7_mUWzS5Zq-jLAD4QH1D4Pu6iaGgW6bWMEfXjvEwFsCEl6eyyQbqVoEudPztr4yTzfEPnHwtrAfpOE33TfYnOoBMeyzinkl7n8s6vgpKRYkRlODsHbUWupp-OP9jzbz8E06iD_0zJxAMok5KxgK-0ZJQjYRIdo4QJLilG1SccqR3iC7qcf82E2B0x5K05i7jDel9gCiVK06l_I265hOca1Y1Mm2G2qg2plei0hbcojW2upahXXoKzV1J3fsZn7x6Dt3c36yU092Fcj6mdIDfEHNy9uL63RrbdgJkzIRk_-D7Ho9-s5wKQ_wO07C_lwNHk_AzzBeNVdS3Lci_kx27FUr4-XeFpk1ZiOq6_bWberyCCVCfRUf9KeLuJBBp6P1TBBhkgxJPZg93weTT2DDZmU80lxI-m1Hm5zw6yANVn0jdEx97mniJjAFQGzE8ApLD-U_lad7aIHMValhEbEJZYD9hBpM_-anwIZpMHyrnUi-IXeS5ZCKhok8HpGpLogLIg4X9mpj78lXuoW_5aQhZHGzJW84BVo06Vmxc8J5RE4k4alzX5fkTrzi2iaFgLqoqH050XqqsoaW2VLUcDXvMzTCyEhOJHSP9peCcstJFP3oXJ8QjxJueYPhphZTAZhp9fjsbrTW9urfJmcc6QqjXlIsKXRIFsXqJAZ-EJMHZJ3cH64Uckd9mTafHsK6kNwQt0wyI4OCJ5zOEUoLJ000~2?etext=2202.--jf_NXAttppbJzpyymlJS90MxAkN3YhZXMu872tFH4XbxT3yzv6c4sttJ4XSDBr7Rjahw6Ae5cuzdm7xVor9ydhEyV1aXjPjThUt9yGPB5_1jmQoVoV3ymsdVc_sTNUL3QARLCRA95-zpRZe-JaFmd1b2FveG5qd3ljZHlwZ2s.f99a2bfd054acafa5af1405897187514d60a0cf0&from=yandex.ru%3Bsearch%3Bweb%3B%3B0%3B&q=%D1%83%D1%85%D0%BE%D0%B4+%D0%B7%D0%B0+%D0%BF%D0%BE%D0%BB%D0%BE%D1%81%D1%82%D1%8C%D1%8E+%D1%80%D1%82%D0%B0+%D0%BF%D0%BE%D1%81%D0%BB%D0%B5+%D1%83%D0%B4%D0%B0%D0%BB%D0%B5%D0%BD%D0%B8%D1%8F+%D0%B7%D1%83%D0%B1%D0%B0+%D0%B2+%D0%BF%D0%B5%D1%80%D0%B2%D1%8B%D0%B9+%D0%B4%D0%B5%D0%BD%D1%8C&mirror-type=1&mirror-doc-pos=-1;Усиленный протез челюсти. Онлайн-консультация. Проживание на время лечения — 0 ₽!
уход за полостью рта после удаления зуба в первый день;23;Выбор Стоматолога в вашем городе. Поиск Яндекса поможет;yabs.yandex.ru;https://yabs.yandex.ru/count/WeOejI_zOoVX2Lau0iKJ03CbZin3D3q1iq-0wmqJq9jAbEWmHC1x0G7T6-vy_OxN6-vmav2Cb8ACKFou-9aHX4IrklWvCbAYaMH5OLJzgHeH6I4T_Lo7h4brOgpVbnXCsMG1nQkfoHUbiXb98WV780OTno96Y2OBQB8i8Co1UAe0BGTYgGAq78YZ2j1o8DvHW9O3SRO0BGTY7GLeEH135Q3b82eovskY37F0ZRK4L4vNYOnDOz7ZKolL644QH6E4fv4CeHfG6ZYMQkZjXDxFg1EFEczS6itlA6xNznt5SwVjT4QXzosLsZmusA0jLiougFNOCxln1h3c9OIFZOw7-6PFae05xMvtFjymwJQx3mJS0FORk7SYeLrX5IibFiAq6lQc4XzXMWrRBm2Ndgef-o2wMKYDsDDist0OFf1MGq80Nno8fGBOEg2riihI1sJmIo-8eOMj2RUxgWuEs6B4mWuwh4BvvWgOWfafHc7hAUWm4yeUIZ26Z05Ary5CkgwD4ViOtSEOORuONZm18Pyr8s6wHbBoAtZF2WoRUakzoLtgpTt_nWvouXyUSj9-y8Ihnl-5iTlolJ1sMpvtmjNKttUOl5yxW5sJdnt0hWdJJ00YiqnanXmpbru_fSatRzTrNQVDT18VL3leHfeU-obMMNHTh9gK93IOvj56xpIFDdhh7ttP8p7Z4dgoNr8b6_PZseCH-882nUk_04WRdptwBQth-fUqyTcZr_ez7LjWScKkv2vOjVju51fomj3EiHYMkVA7gNbXYXud0G8I_3u0ETcVUgfEfnTczHqV-pd0GXC0P9TDAFWaW6GNW02XJgK2G83DLHhZTidcsz4QvNpamJ_vwsgYhLy3~2?etext=2202.--jf_NXAttppbJzpyymlJS90MxAkN3YhZXMu872tFH4XbxT3yzv6c4sttJ4XSDBr7Rjahw6Ae5cuzdm7xVor9ydhEyV1aXjPjThUt9yGPB5_1jmQoVoV3ymsdVc_sTNUL3QARLCRA95-zpRZe-JaFmd1b2FveG5qd3ljZHlwZ2s.f99a2bfd054acafa5af1405897187514d60a0cf0&from=yandex.ru%3Bsearch%3Bweb%3B%3B0%3B&q=%D1%83%D1%85%D0%BE%D0%B4+%D0%B7%D0%B0+%D0%BF%D0%BE%D0%BB%D0%BE%D1%81%D1%82%D1%8C%D1%8E+%D1%80%D1%82%D0%B0+%D0%BF%D0%BE%D1%81%D0%BB%D0%B5+%D1%83%D0%B4%D0%B0%D0%BB%D0%B5%D0%BD%D0%B8%D1%8F+%D0%B7%D1%83%D0%B1%D0%B0+%D0%B2+%D0%BF%D0%B5%D1%80%D0%B2%D1%8B%D0%B9+%D0%B4%D0%B5%D0%BD%D1%8C;Отзывы, квалификация, стаж, стоимость приема - все в одном месте. Попробуйте! · Отзывы. Рейтинги. Удобные фильтры
уход за полостью рта после удаления зуба в первый день;24;Зубная щетка Tuvio TB-S501 - уход за полостью рта;yabs.yandex.ru;https://yabs.yandex.ru/count/WjOejI_zOoVX2Lcr0aKM02FgdxHVbB84p3u1hZTCG6ygKQB3407l10Jq50Y0eDnf0dq-bpjxjj-vyuOxNx_ZzOOxN6dqngNEvpDtJfzsD8VYpjkk2Wq5tIX1X6HLob6rGID7ZY8b6KhJEv_QK5jwI-qSLI5gZYTkH-tRAOr2SrI5P3oLWYhugS224pz5HZYCVe1i_1W9rLXwaUEUIf_G6tTAVvmt57_QDlGvXTxvZUTsaH4EeyWTC6MJ1HIlfYPVbCfc98aS78COT1oB66uGf80cT07X9LC1N0x4KmLeEH1B5Q3bG1nLW9O3yOu2j1o8imLeEH3hA43BWHYg02q7KP4vNnDDu0ROOZv2azEbb-3LaRqUaYJPBePMIRm6-BBeyQcLQemW3Q8nmjD8Xb0DA0qSIpNqTaBlPzI9HvqtBetcTnItw_kEuhdJTZgZqFkMIcqU76pG5YjcNDHwx9dTUDqgGE4wi74-tp3fDhiF1Dm0zXkuteVJLPUTIecFCAs6lQd4HvXMmzOBmAMdQif-xAoShH4xaDLrlKRtDDis78OFfDMG4C0N1sAf0BOEwDeiVK06l_I265hOcl26I86O6AHfOGSTLg5ySmLCmPn0b2o5RLF7WfcqkZP6x6Dq3sF6yE892Fci6GdJDPAINy5xLc3Or5lgJUvIR-x-DpR1R3ziixVZW-d1Al_h8ydVwoF9dqklRVaxXS6chuKH5FjP644nfhc18ypo16RCCNFfPIxtNTTrdJRJINnGxQY0IEyL5kaj3b_-NbnMafxyWmo6sVoOzk04WlXz3VelhUjCJ6-7L-hyZjVf2UvCKmeJlVPF_WZIoAXb1nUnJeeY62iqv8IXdMCnBDsKNuCRZW18qUCaG1JyzC8LT4GXcs6CSrDkOLOC3NXpkFn5pplI10k_w5r9qp-eSgEzK-TKQE3UTMItoonK-KTUCmIttNBxQT6EtR3eQgB4eW80~2?etext=2202.--jf_NXAttppbJzpyymlJS90MxAkN3YhZXMu872tFH4XbxT3yzv6c4sttJ4XSDBr7Rjahw6Ae5cuzdm7xVor9ydhEyV1aXjPjThUt9yGPB5_1jmQoVoV3ymsdVc_sTNUL3QARLCRA95-zpRZe-JaFmd1b2FveG5qd3ljZHlwZ2s.f99a2bfd054acafa5af1405897187514d60a0cf0&from=yandex.ru%3Bsearch%3Bweb%3B%3B0%3B&q=%D1%83%D1%85%D0%BE%D0%B4+%D0%B7%D0%B0+%D0%BF%D0%BE%D0%BB%D0%BE%D1%81%D1%82%D1%8C%D1%8E+%D1%80%D1%82%D0%B0+%D0%BF%D0%BE%D1%81%D0%BB%D0%B5+%D1%83%D0%B4%D0%B0%D0%BB%D0%B5%D0%BD%D0%B8%D1%8F+%D0%B7%D1%83%D0%B1%D0%B0+%D0%B2+%D0%BF%D0%B5%D1%80%D0%B2%D1%8B%D0%B9+%D0%B4%D0%B5%D0%BD%D1%8C;Электрическая зубная щетка со стерилизатором, 5 режимов, отбеливание
уход за полостью рта после удаления зуба в первый день;25;Набор ультрамягких зубных щеток Curaprox CS 5460...;yabs.yandex.ru;https://yabs.yandex.ru/count/WoOejI_zOoVX2LaL0yKO02FkhxxMCW_Hz0JCtZ01lQb4YGv31BnB1FGKJH2KEqsWp-ToPy_sEtU-wsldwtUytd27IuHaLShXp47OA43akFCv1U540I97ZZi7adM6ab4EUogrd_WpAeq-dL1dzEcSsZcWKwWTZTfFANHgur2fKte3oGY8MlH3uyWQVJgVjRM6qL1jj5IjbMOaFMkbgr5IJKLI6bggdL4SMYS5rJKDenaqRXG1BU6ePz0GeY63UeE8YgGqj5GZ6G5HYqW8qL2opWYQaLHRRnG1BOrWX7H4HLeA6d5aD2DfoGwOiia2YbTJaozAPJEIH0wEGGmwZXo8fmhGSY2MAa3BWJYg02q7uXq5Q3aGPmlGSY3MKO2M0p5K0LeEeY9plYRA82ZWovMK9pbTMcm53l53cFd1wprmAw1wt2BS2Y8rDS2NHOzFhLHZ16aGZH6UHZA4Qa1fu5YgeRSJUZ-ZJZpgl75fDB-Zk5tVTnJFdRRJ6ONUjrHgy-1WWxPOCUEYrcFFxCPxf6CGXTFeVBvXqcrs7mYu0UmtSFtL3YPHqiwK-0ZJQjYRIdo4QJLilG1SUggcBDFb8MLO8uxHTxr6zpJRDXo63wJLa1305mTYgG2s3kXQRv4lMsk6aHVCHbdwW0n-wGKnjB0rSUQ3Gm9QpZeBE-Ym2kMRAs0AvWIYP2bilQGXnf2REXRCfCLgOyG-HlSmPWmlde2GpvgHC5qZAVaLl6S5XaszfTxaBlNcxdyZZIFsXodmAllWV_VslymsjUzbjgbzxlVY_Lq0GRwl3S1iyMS3C5jacdSScMMl5iKSCvVUvdBVTLtNQJETn0VL3W4WeuJfNG38A7dqbkxpPT-NjtNeoH_Ca37inxG79o1MWdtpNvoAcdZCfALl-HsdqiPaotIbeyjh_wHQ54EkCXTo5wpQVJmA3JbXQETO34m1b7_jXiauHO-J004Q_7R3Kyogsd2wrntUAc0hQ8dHFmnzXz0W8t4OFamVqeGpOXs4za7l7q9Z4pJlScp8_Vjg8WzuxEvUGjURqjpQC-qOsMzZ17_z1akuHKEr5Qohwsr33000~2?etext=2202.--jf_NXAttppbJzpyymlJS90MxAkN3YhZXMu872tFH4XbxT3yzv6c4sttJ4XSDBr7Rjahw6Ae5cuzdm7xVor9ydhEyV1aXjPjThUt9yGPB5_1jmQoVoV3ymsdVc_sTNUL3QARLCRA95-zpRZe-JaFmd1b2FveG5qd3ljZHlwZ2s.f99a2bfd054acafa5af1405897187514d60a0cf0&from=yandex.ru%3Bsearch%3Bweb%3B%3B0%3B&q=%D1%83%D1%85%D0%BE%D0%B4+%D0%B7%D0%B0+%D0%BF%D0%BE%D0%BB%D0%BE%D1%81%D1%82%D1%8C%D1%8E+%D1%80%D1%82%D0%B0+%D0%BF%D0%BE%D1%81%D0%BB%D0%B5+%D1%83%D0%B4%D0%B0%D0%BB%D0%B5%D0%BD%D0%B8%D1%8F+%D0%B7%D1%83%D0%B1%D0%B0+%D0%B2+%D0%BF%D0%B5%D1%80%D0%B2%D1%8B%D0%B9+%D0%B4%D0%B5%D0%BD%D1%8C;Уникальный дизайн лимитированного набора, вдохновлённый драгоценными камнями... · Накопительные скидки. Бонусы. Промокоды. -5% на первый заказ. Быстрая доставка. Сделано в Швейцарии. Гарантия качества. Оригинальная продукция
уход за полостью рта после удаления зуба в первый день;26;Правильный режим ухода за полостью рта. Основы гигиены;yabs.yandex.ru;https://yabs.yandex.ru/count/WwyejI_zOoVX2La_10qT0DFpmxxM-ZrFI09cRvY0tbIYH8SX0juB2EZGvtEvisVxdJjlkFFrErvlkCErxwYDsr8d5Eh4fVRpTahpdw0REPmfKgYGIdsS-0rLWVk0S49p43OA47SEmaO1ukU6bKOEewAVQfMQmvc3i560o77dSmh2YGB4Zv5LXhLwDCMd-6tRTnJwC-CeHtuxdKydr8PAxPygDOVpjgDGQ7GQXVvKXMJaYERHwTCPTKgjIa8kgaLK99-V6K58LAkBdseH5SadIEXwfIAz-8a-WwmeYgWIr4DKf0ggGbGBQg8XgezIaXN9I4MTjDH2g0W3fIHh4L9F3I4bgf2IK97GZmP5rYHhjRRMC48ogkAeZMhgZIGbAj5IbOgZLX8oKagggLKPHZH8M8E4QbIfFqbAIK9AHTOgYIMa4KHK74DKe1j6HKdM8UqEcBB90efNKvClIcKpaaGEZa4CEeuc4Fdu-FZub70WdYf0ou5OgW0j1-Ae0hGSY7SKeEL0d2r0ou5OHm5Q3iHG1MWvY8hC-PfmOYFVa442SKut1B2cj0_X_y7hFN1PzFZKIZL6a0RH6E5f94Ee1fG6ZgKQUZkXzpFgnAFE6vT6ypkAs_LzH_7SQJkTKUXzIwKs3musQ8iLCovgFVRCRhmZX2bu039nFjymwJQx3mJS0FORk3YDKL_IpfJu2DDgs9jAV8HfDMoz05nwggRijOnFUetOqspRS1W-a5P3GW1V78Yb0jWwe7l1MVg037xf1J6qi3LHPeMZ92jdXeKTT5Y5yiqLC8KaLDeOSjF7w1x6ZE754n3oMJCIfcia9R-2zwp0iActr9lSfTxS_Mzige7zi0qKb0_sJPx-rvlf-5vlfkDplNZyz-QHoA_zU_bd_rvcceT-CCj_YnLpp5nwOvRxJDSFHxHbrlELTMdQTLtNQJETn0VL3hgHfiS2P7Njz2v0LjTER-atNxRXYi4y-NzrlnRzcFRW1Bw0QtZ-wx5sIoId_9RMTIQitHB9AQ_rVbBEc1nzrYUHCdSMzlF2vOdGa1E6Tex5y4qelmSoUeeKFKu213Fy2QI8IGMAt4zeN0NxXGYwi4fZJIFqay5uyS-FaykIo7RdZXPuE-1lNGw0-RIJP7UoeB9x-Lpy77QbA1MrQU_7REgffi6LmJto0eH54GR1gjB2-Iiu8WC0Yyi5Yv3K0mh4Q1OefXiVTdmW9lpzMsM1IKjjHflf5fGdxgGKxUbbBJlBG-Pt60FFbRfwq0A7~2?etext=2202.--jf_NXAttppbJzpyymlJS90MxAkN3YhZXMu872tFH4XbxT3yzv6c4sttJ4XSDBr7Rjahw6Ae5cuzdm7xVor9ydhEyV1aXjPjThUt9yGPB5_1jmQoVoV3ymsdVc_sTNUL3QARLCRA95-zpRZe-JaFmd1b2FveG5qd3ljZHlwZ2s.f99a2bfd054acafa5af1405897187514d60a0cf0&from=yandex.ru%3Bsearch%3Bweb%3B%3B0%3B&q=%D1%83%D1%85%D0%BE%D0%B4+%D0%B7%D0%B0+%D0%BF%D0%BE%D0%BB%D0%BE%D1%81%D1%82%D1%8C%D1%8E+%D1%80%D1%82%D0%B0+%D0%BF%D0%BE%D1%81%D0%BB%D0%B5+%D1%83%D0%B4%D0%B0%D0%BB%D0%B5%D0%BD%D0%B8%D1%8F+%D0%B7%D1%83%D0%B1%D0%B0+%D0%B2+%D0%BF%D0%B5%D1%80%D0%B2%D1%8B%D0%B9+%D0%B4%D0%B5%D0%BD%D1%8C;Эксперты «Лесной бальзам» расскажут, когда стоит задуматься о здоровье десен! · Забота о деснах. Меры профилактики. Гигиена полости рта . Проблемы десен
